id,name,age,salary,department
1,addolcBPOt,52,70692,Sales
2,lTpHyxYbIG,56,51753,Marketing
3,LnTqslHQyQ,37,71400,Engineering
4,vnO peNBZC,47,98974,Engineering
5,OiWmtPNnMr,42,85136,HR
6,mLWYOGMYyS,45,44099,Sales
7,teMAYVrWiE,47,70115,HR
8,ZcOcSUkKR ,28,57639,Marketing
9,xKRhpLz lf,48,80390,Sales
10,rxJUVGKoaY,49,38138,Support
11,eyMJRKNBtK,40,70566,HR
12,mCJsbGZXUD,47,84416,HR
13,eLTBNYvuIy,41,38884,Support
14,EIoxVsVZzd,35,39112,HR
15,XBWIZepNAU,22,101728,Sales
16,IVIvNYLiTn,58,93302,Support
17,lzmbhGPRze,32,100164,Marketing
18,RTfanvQEEB,30,119037,Sales
19,PPqiSQaVQU,32,102533,Support
20,rZtXbGhmlq,23,71225,HR
21,FykfZhsdIJ,21,96813,Sales
22,k IEfQEjMr,38,114962,Engineering
23,ROZGpLGuxQ,30,99106,Engineering
24,DZTwL sNQl,52,95336,Marketing
25,VoglntnkuR,60,97516,Marketing
26,AfNpMCwALd,49,63086,HR
27,owHgGHiaRz,56,34175,Support
28,KRhDyJNg I,47,37459,Marketing
29,ihbcfXFIoU,24,79490,Engineering
30,cHUYirRDUw,51,105502,HR
31,ivCkJkjWVG,59,96059,Sales
32,TFOExsADXK,57,57282,Engineering
33,fsTrgkkpSj,53,39628,Support
34,hLcsyfzgCV,36,54510,Engineering
35,Q sCPZz Cg,32,117010,Support
36,bTh KTeKnN,39,82939,HR
37,fMlt sEMiY,37,57587,Support
38,JaQMkFlupq,47,34251,Marketing
39,b RTckaREt,51,84916,Support
40,FhsotvpbXp,52,82164,Engineering
41,KblgxsZGQg,27,37848,HR
42,uYaLnlQcRa,55,56991,HR
43,fpatrPabcP,45,74854,Marketing
44,tnHeQaYrbp,40,105109,Marketing
45,hIKvDLIQLD,28,49907,HR
46,AlLMSvrmwz,40,74587,Marketing
47,qcQLtNfkgF,44,48147,Support
48,IguoT vCms,36,114286,Support
49,aTEYCOPzRm,30,91351,HR
50,ogswSSClFy,28,45288,Engineering
51,irdAqkagAc,51,113884,Engineering
52,gmKXAmonHo,47,101230,Support
53, QjkhJqXgq,37,57698,Support
54,AiLCAtimGL,57,105126,Sales
55,cyY ZKkXdo,48,74404,Engineering
56,pVsyKlO ku,36,33866,Support
57,GxGIQeDSGu,29,112942,Sales
58,vAQNVtKPKl,29,106426,Support
59,OUUuxjrjba,35,76595,Sales
60,kMaeabdfTO,32,115969,Support
61,mL AxcVFdk,28,67743,Support
62,PSmWGLbYEm,23,111162,Marketing
63, yjNSeJQIw,38,70959,HR
64,oDdFfKMbxz,20,90577,Support
65,WoglLujduf,43,67208,Sales
66,illgFjztoT,22,101079,HR
67,KklcaURBQa,54,57757,Marketing
68,QkvUIBTMsp,36,58291,Sales
69,QJNWiSxYBA,43,59390,Sales
70,qPjHXru lA,25,75916,HR
71,LVPAFjpmbX,48,69247,Sales
72,rwpFKCUibC,50,90778,Marketing
73,U ezIKEOHA,24,68535,HR
74,LifegqXPDH,24,93326,Engineering
75,zeX JcQWcG,38,33990,HR
76,ljcuJfmQUS,54,81479,Sales
77,jVqBRuZRgJ,60,105263,Engineering
78,qbqCJRpg g,40,90823,Marketing
79,WBoEQRZXMh,49,44629,Support
80,eKzFzqmwoY,36,50047,Sales
81,SPFdYfgevK,34,83233,Marketing
82,zVHuKuJhRr,23,86821,HR
83,QvrBIutgqy,35,75041,Support
84,O z cjAmYB,37,41796,Engineering
85,cTvTmYPQBm,26,64695,Support
86,BxBCaYzzGY,58,51509,HR
87,nHzOMbwslW,42,105386,Support
88,AFpQywVTuK,42,87104,Marketing
89,ADhmvGaoVv,30,110184,Marketing
90,fGHDHSkVUM,51,35799,Support
91,oeeYOWlSiJ,21,41076,Sales
92,lqQmuhWRbB,42,37680,HR
93,qKMPtZRDHK,21,109039,Support
94,WSDADKYuVi,49,60014,Sales
95,XcbHhtqaXv,26,81055,Engineering
96,knwjBvQpFY,20,55931,Sales
97,WrgfnxWckF,29,99197,Engineering
98,esAtgxBbCX,21,53342,Sales
99,kjJtGmCWqb,45,57713,Engineering
100,vAvrsmUoDx,54,113895,HR
101,Qi roRFAiH,48,60525,Sales
102,GuLIrL AEB,45,59393,Engineering
103,CIWEulPSqV,47,107234,Engineering
104,pDogIoKHeB,30,95352,Marketing
105,dDATFtt Xo,22,97770,Sales
106,UqpTrXDrSv,45,64145,Support
107,wVjgXrewKw,34,96943,Marketing
108,coMofbvetL,57,84998,HR
109,eqmxKNeHbI,48,36126,HR
110,IwRIrUyUW ,35,48248,Marketing
111,KuYckaVfkt,48,105331,Engineering
112,VPYyyPrkWa,46,79546,Sales
113,pDsc ZjQjD,47,115680,Engineering
114,dMuGdpJOhO,26,61187,HR
115,TxR IonGKH,25,112958,Engineering
116,njQYgfdsRC,25,58614,Sales
117,PCfBevm MD,38,114836,Engineering
118,lQStiojy f,42,96303,Marketing
119,SRsekELIWH,58,60571,Sales
120,fQuWnOsfGk,32,69831,Support
121,mJVxVLgqSb,35,68688,Marketing
122,PgOhuFUcjf,32,57190,Marketing
123,chiMfDiYPt,23,89862,Support
124,XtzbxWrxYm,29,103705,Engineering
125,bswxJkJIiL,40,36727,Engineering
126,HKVxvqxeek,32,96418,Engineering
127,nBXumavKgv,43,42578,Support
128,SgRTNubFHh,34,54829,Marketing
129,XxrZ kecds,42,70885,Support
130,UrJslbpxEq,27,53310,HR
131,cXJgNDMaqo,44,63967,Engineering
132,FArYEkfjdu,42,67012,Support
133,XRUpKuyhtW,30,32446,HR
134,sFPhYKbKtf,60,72741,Marketing
135,SSkaKzXUwt,33,46854,Sales
136,TTBRN ejeU,59,34640,Engineering
137,cQFnJtGaQn,36,59689,Sales
138,MYgeYGkpHa,44,52921,Support
139,  MxL fJFW,52,98224,HR
140,WozTLiFYit,27,52717,Marketing
141,CCunuIMpxD,38,80351,Marketing
142,taNo Bquqy,22,67654,Marketing
143,ATyxVNBZqk,54,110822,Support
144,S DgVCdp n,54,103509,HR
145,piLnoMqjUX,32,37930,Engineering
146,xlHLpoGdGF,41,51797,Marketing
147,mGRPvvOXwU,53,35358,Marketing
148,XbdDzQEWJn,20,104505,HR
149,plSgwGrNsL,35,51733,HR
150,sbPbCwENrV,53,33470,Sales
151,NRnmxUhwqo,48,101006,Engineering
152,ipBiUYvlne,31,105631,Marketing
153,jsHpcDPqpM,48,59660,Engineering
154,sCNhCxnhUe,49,39321,HR
155,ZqNwiaydYn,45,70056,Sales
156,XkBohahrdK,42,118840,Marketing
157,uvpSpRUnwR,60,49704,Support
158,kTCupAvBWy,56,88044,Marketing
159,bOMqfmAdOn,29,53360,Marketing
160,wUwMZsMpXb,47,39862,HR
161,aitwcBJdtG,55,83607,Sales
162,IMjkfwfhKT,48,73664,HR
163,mWpApvrMlm,25,64293,HR
164,jO HiZKYvf,58,85499,Support
165,qdUtFpKwwP,20,59561,Support
166,wipyuhhUEG,39,84232,HR
167,BTCMTXNqQN,43,65904,Engineering
168,ZjyJnifNRg,28,80950,HR
169,XnPCKjImaP,29,61896,Engineering
170,KSIaDYzDhX,23,92597,HR
171,GGFbwtKhZl,55,101996,Marketing
172,nmcIrJGxrW,53,36691,HR
173,YFrpfMiOou,50,38829,Support
174,fHLNQQAAgt,43,96348,Marketing
175,iqZCgzIhsr,40,111314,Sales
176,pXFED RVIv,57,107739,Support
177,qVuerNL OE,59,101389,Engineering
178,lQvySSinXT,36,98080,Marketing
179,AJJrrrkZlp,22,93933,Sales
180,YxxfWzrClR,60,45977,Support
181,VsbPGzHfal,37,61762,Support
182,XAAZmJvFXG,25,106450,Engineering
183,fGFJgpOuOM,25,112474,Sales
184,fMhEMmXGiF,33,30834,Marketing
185,qraL uZWeX,41,40609,HR
186,LUxGgcYUjM,36,43358,Engineering
187,vmAPsmwzkC,34,88789,Support
188,sey uUJnYK,26,100995,HR
189,lSGGrTZgie,28,61505,Sales
190,grDsnrXxgG,41,117088,Support
191,CGbljyGQCs,40,54400,HR
192,aqwIcBmjmV,32,49213,Marketing
193,NUxOsDDNgC,30,84836,Support
194,eRrAQHJyah,35,56178,HR
195,GJLYZDYZax,51,84228,Sales
196,wZykydqXrB,50,106909,Sales
197,yoyzqAVviJ,53,111850,Marketing
198,UTsFfjLxAw,60,102336,Support
199,UwRDupmLSP,58,58568,HR
200,BiwNvaUlOs,45,36746,Support
201,MTKlqjNZsR,20,64004,Engineering
202,WQjY oHvmc,25,78157,HR
203,AQiKxVumxO,34,41384,Sales
204,hMisc MZHb,24,117471,Engineering
205,USQXAMnHhG,23,103307,HR
206,TAlAvyYFcu,42,116627,HR
207,DHWNfcjZUh,59,117897,Sales
208,QilnbkwBJX,57,64539,Support
209,QRsjwriWNr,52,86275,HR
210,hVoRPihtYm,49,55811,Engineering
211,HkWmnanndi,55,33812,Support
212,dQJom QTXB,53,118678,Engineering
213,RYTmxwBOUh,37,92445,Engineering
214,RwglBvTxLo,33,110247,Engineering
215,KCWaSDIyhA,60,37250,Support
216,aKYSimUjCJ,44,34315,Engineering
217,dEGoBZovWe,21,92255,HR
218,ICCBHIxsNC,56,40893,Support
219,goBgvU nDe,41,48210,Marketing
220,O PQYdEgpg,46,64199,Sales
221,iqOQqfXUUH,37,72730,Engineering
222,sfVusKTEzJ,60,73353,Marketing
223,Nycm VtAoT,56,72981,Engineering
224,hTWvIAvIAw,26,109025,Marketing
225,lYiaeGqoyb,50,40034,Marketing
226,eCLUZdCTFp,40,43526,Engineering
227,LxnpkqEkUu,20,71790,HR
228,ssavdfEfmh,21,84394,HR
229,dDHyygIVTa,48,50116,Marketing
230,zypRvkOrgu,20,66145,Sales
231,ftSfffhLUM,47,109182,Support
232,A bWqmzUuN,44,104520,Support
233,JSOxXJTeaV,54,90788,Engineering
234,TCSJVAc oW,25,73343,Sales
235,gXbJQGtNxJ,50,32902,Engineering
236,XlyTQnHxle,27,82531,Engineering
237,mB ORKZrER,35,44580,Marketing
238,ouXRWzOjQZ,26,118026,HR
239,hMyDwUvhSN,30,44650,Marketing
240, pZviybpyo,29,89917,Marketing
241,pCdNeGUDaX,24,87228,Sales
242,aJcLaSxYaf,42,71970,Sales
243,eHfUjBBcRM,57,107649,Sales
244,ByAPFTMTOx,29,98536,Sales
245,higazMWBCE,43,62525,Support
246,wPndYftnQB,31,83394,Sales
247,emaXyGPgpS,27,68478,Support
248,IYaPzbEdZx,55,85516,Marketing
249,PXtJfZwimU,31,60661,Support
250,cJYWmoZpGI,59,58760,Marketing
251,YpvoOelMyX,53,89399,Engineering
252,gNJyiHVqAl,48,116300,Engineering
253,NclaCXJdLe,53,77386,Marketing
254,vrQInCTMsN,42,107798,HR
255,PmfjRTSHFH,36,116545,Engineering
256,IMYwrhnVTm,57,100392,Support
257,sbjRFonWyv,54,74905,Engineering
258,eyBQZwnoDT,21,38842,Marketing
259,uwImkZRJOq,42,34164,HR
260,SsHdyXfufg,20,53497,Support
261,Tlw pnOzBd,29,112437,HR
262,NjfZOTEHUE,36,115175,HR
263,hPCwLBEDN ,50,56613,Marketing
264,BvgcnnUuLY,45,76593,Engineering
265,BHqHwImHsM,54,93492,Engineering
266,oxgJjSDLwu,32,37656,Engineering
267,cxjJFFlcCL,45,65759,Engineering
268,wsnMtIavhv,55,37944,Engineering
269,NYad SbLhi,31,78268,Support
270,cJrirAggVa,22,80062,Sales
271,ANAxWDsEhR,50,86805,Support
272,vkSPFLOSVb,34,76058,HR
273,ugPivJOpoj,23,66041,HR
274,tlxCPJWZat,51,114803,Support
275,PaFeZcOkFe,55,44912,Marketing
276,dkPOXmuFsK,46,119573,Marketing
277,EcjwsnQrYN,33,31272,HR
278,ANrMRRXoqS,25,75558,Support
279,UrOLRjbfTk,45,62286,Support
280,HqiooXYjRb,43,30501,Support
281,lkEMWskAgt,23,46491,Engineering
282,XYVpBPECzH,30,104453,Engineering
283,RHdEJfP Oc,59,68151,Marketing
284,zmOwqYwUJq,58,65330,Engineering
285, yEQZfxLpt,43,75224,Sales
286,tnEtVTmaAk,42,115237,Engineering
287,XwemEmrraE,41,114901,HR
288,PdrQSbcrbj,38,112014,Engineering
289,kalrbugYge,26,107133,Sales
290,hyBMdCLGxb,34,50599,Engineering
291,aEQMNSqOfZ,51,54808,HR
292,hR IzcbOes,41,54355,Marketing
293,XBThDkeuCj,41,66584,HR
294,OzqUl vSJy,47,115461,Engineering
295,VlhhmcVoyK,36,74925,HR
296,dVIjbKDIEk,26,71646,Engineering
297,xpzpaJC oY,30,59730,Support
298,uAttpKg LA,43,51214,Engineering
299,fQRfMMAdDR,55,74858,Sales
300,XMibZQeaUJ,22,63031,Support
301,lGwGwmKRFu,55,53706,Marketing
302,Cfyuoilwic,43,118410,Support
303,paFRHjCvnG,45,112254,HR
304,KtAtoYerCC,37,85979,HR
305,pJAkUqasSa,23,36778,Sales
306,UJROAITOQ ,44,74180,HR
307,GnnjweIHTs,45,97317,HR
308,ocZoQwDwGb,40,93130,Engineering
309,WCphmzO Xt,56,55621,Marketing
310,zsoplmyhPJ,52,72356,Sales
311,qdLryFlbSU,29,112806,Sales
312,eDYTakduim,52,53208,Marketing
313,llrtFeDlKC,21,71105,Support
314,MYQwxpB SE,50,53420,Sales
315,FvtnYVwpbU,45,111249,Support
316,fbsrCykPAM,59,117411,HR
317,KYLqtfDJOA,45,94091,HR
318,hxzqeTkbWh,22,76246,Sales
319,mqhVeWcEHS,48,116799,Engineering
320,ESVeppwmHr,26,34132,Sales
321,jmmjBNytsa,44,55564,Sales
322,tMyMYehOpZ,28,68767,Marketing
323,vPyEKOFLPw,32,32662,Engineering
324,IiphpCBMeg,45,109075,HR
325,gAHCYBvniO,50,77098,Support
326,WvkYeibNXs,27,94087,HR
327,ij bNqtLrQ,56,119906,Marketing
328, FcAcovycX,27,59606,HR
329,FkcvvKvMdb,53,97549,Engineering
330,MCWzw jKSi,49,119761,Marketing
331,CsvlzXlt m,24,114473,Engineering
332,nRVldHMUgM,31,72074,Marketing
333,UZbCjnEPEU,52,48727,Support
334,rWlqSauBCp,22,98590,Engineering
335,JaHINFFtqc,60,49699,Marketing
336,qZMiIbvKoo,59,110275,Support
337,WeDhZvWbAh,33,109689,Marketing
338,lIjqxZUEhZ,55,77062,Marketing
339,BNvjTxnJlI,51,42568,Sales
340,nlozkZsvrg,59,50816,Engineering
341,DWRetCttkY,49,114689,Support
342,bHBdoJqcjh,27,85650,Support
343,QfZeUzaYes,52,102265,Sales
344,EXXQryVakB,54,64285,Sales
345,MadI QWzIv,54,117666,Sales
346,XJDEORYnyu,47,44920,HR
347,SMohyeojAe,24,114206,Sales
348,xIOIGOZScO,42,33089,Engineering
349,gwNkmbbOGe,25,101482,HR
350,XAHzyNChfG,58,78806,Marketing
351,ejlnSuuZKf,31,117702,Engineering
352,KsIhjkkOyi,50,45318,Engineering
353,DWtiShGOey,50,56427,Support
354,EvnRNrXs Y,57,49234,Support
355,HwzEyURIMk,22,87669,Sales
356,xSPayAmxeo,53,83413,Marketing
357,SWgZUTHFIY,32,101823,Support
358,mjqWbigUhL,25,72322,Engineering
359,PemnjNxOhU,24,92077,HR
360,dfanKagSfd,54,36674,Sales
361,MAupBIgCxc,44,68828,HR
362,kcgrzBQfOK,40,77755,HR
363,ohnUehZQGG,48,56691,Engineering
364,ovsg VllXN,53,117335,HR
365, NymwwSUgu,50,50464,Engineering
366,amVHdpRpMD,52,88306,HR
367,MMMpnhpNcL,23,74591,Marketing
368,jgVJIfssAp,34,51707,Sales
369,zVyBeqKVfd,45,97670,Engineering
370,v WBZnIeIS,28,92247,Engineering
371,BJfbGYkvuk,51,93465,Marketing
372,rBHmpAjWvz,27,61380,Marketing
373,hCxouXRlsU,24,43321,Sales
374,ejB mXXntP,31,105819,Support
375,bIJqAtKYcI,24,98956,Sales
376,VoJnOTUCoK,48,74282,Engineering
377,vTC SUCCvS,20,47041,Support
378,vISAjlEjpi,46,77996,Support
379,CqVUwqrLpP,28,114828,Marketing
380,dwLTjQNYXd,57,61499,Marketing
381,ImDNNGDkub,51,47783,Engineering
382,TlqWyGboHU,27,76253,Sales
383,VcYgGsvWts,30,69840,Sales
384,MyOPQJDuLH,24,58707,Sales
385,ZMuCpkLzdY,58,104170,HR
386,kEYUzu sRk,26,73834,Marketing
387,YovOKNidti,22,101886,Support
388,gMGCgOLEjr,49,71797,HR
389,CCMezJWXHn,44,82697,HR
390,RBVwZaBYsJ,36,49521,Sales
391,rMiNJY GGu,54,115078,Marketing
392,jGnZybmJPI,53,72306,Marketing
393,RpgZSutPmk,25,75352,HR
394,UVWqmbThKE,31,88386,Engineering
395,zVIPRJislZ,24,45644,Engineering
396,YWExHEbUA ,57,59724,Sales
397,QHlwIIUqag,29,48958,Engineering
398,eNjBMYuGzV,60,30064,HR
399,VGIEuUIhqV,29,73600,Support
400,FSHhVfwrjP,21,77990,Engineering
401,zeSHvMJqUG,45,89438,HR
402,qBqoorwTGQ,36,81404,Support
403,hAgjkkHfwb,52,119836,Engineering
404,WANEpgfMLp,35,36939,Support
405,wGx XLsAbv,35,81093,Support
406,mQvDoVVslf,47,30829,Sales
407,CigPGSuOyc,22,46426,Sales
408,cHVylUnATM,51,44394,Marketing
409,qJryhysjLB,55,119057,Marketing
410,ofqxbwIfYr,60,97609,Marketing
411,uHmmTYvkUO,55,37481,Support
412,jrlwPgvEhe,21,44762,Sales
413,IkzyGRNBsV,29,72417,Engineering
414,YLncRhHFwd,35,34066,Engineering
415,jgcEaPXSjy,58,98978,Marketing
416,waGkTjcxVC,41,118192,HR
417,eWKUtBIoMZ,37,116100,Support
418,JlTcWDwtzr,50,65191,HR
419,FLiGajKCFr,53,73401,Support
420,KZYlautOjn,50,68511,Engineering
421, AHwQftWd ,26,41568,Engineering
422,obSzreWrLm,53,57128,HR
423,hnfUZKuBwk,38,32348,HR
424,qBzitZjIFq,49,65916,HR
425,TRvj PIqPF,24,74417,Engineering
426,tdLUPgeYJS,25,111158,HR
427,jyeDztzqWX,38,88319,HR
428,EUyPMAE Dk,47,86409,Support
429,pmCkLqbkcA,59,112269,Engineering
430,BwnQpLGyOd,29,31272,Marketing
431,AGlvwhQjzn,48,45276,Marketing
432,FXuJxlfABh,59,82057,Sales
433,twuisZyDzJ,31,94095,Sales
434,dWHnwTpImO,52,45730,Sales
435,KmsGRXDGxI,37,37010,Support
436,GgeJbYAx P,57,54092,Marketing
437,Fcxsbs szi,32,94678,Engineering
438,apDupvWiwp,41,76999,Sales
439,JhVBkwkLRt,26,108065,Sales
440,LcGcDaeMJe,22,116014,Support
441,FqIgrmyd f,41,104227,HR
442,BUmNXHiawk,26,87518,Engineering
443,EiyzzXoKGt,44,75404,HR
444,OURJsmHDlz,50,111436,Sales
445,rAhMFFiuIl,59,89241,Support
446,nozWoxtIdy,20,68450,Support
447,tWaNMZIjcs,37,75495,Sales
448,HuccPSoBuw,59,44177,Support
449,TcDBCcRoRe,59,109676,Sales
450,TGXfkyYjtY,34,46162,Support
451,okunOwgctO,23,48653,Marketing
452,PqxKBSwOAC,27,77699,Marketing
453,KOlPtHrKTh,34,52643,Marketing
454,jtzmShO YS,58,62805,Engineering
455,ziSAIWQhHA,26,64467,Sales
456,GaWdCNzVyt,50,36797,HR
457,vAOhSNVaSp,22,102104,Support
458,HkyitjBizP,36,50606,HR
459,QAsShiKXyV,37,51070,Engineering
460,CznNZTnKwi,56,55874,HR
461,npVYaZDTjB,49,86856,Marketing
462,watUZAxzTA,21,54287,Support
463,ReCxDTeZky,23,75944,HR
464, rUMKWeVLI,24,75433,Sales
465,RDffmPzZBf,50,77471,Marketing
466,XiEALPMfyV,58,75109,Engineering
467,EfTmSBCaIt,34,68837,Support
468,gDJEdaAdlm,37,49383,Support
469,jzQyVGmtDh,43,115101,Engineering
470,bDyHIxfNKH,24,48806,Marketing
471,eBKlwDJrYH,32,41829,HR
472,mHixkHsncE,46,54201,Support
473,oWIBDzaEqc,42,64334,Engineering
474,YErpZliNME,35,80786,HR
475,gwDOQDGcAw,49,58111,HR
476,tUEQRjCyFg,40,41896,Marketing
477,JJXuNm WsQ,51,44286,Marketing
478,tSJAfZZOia,34,119933,Sales
479,DzWHjbHyka,33,113566,Sales
480,vxOTuDrPZI,25,62761,Sales
481,ylKwrgxiXF,38,50635,Engineering
482,ZWzMoMBbwD,34,80675,Engineering
483,DVFWPpvkNy,50,114940,Support
484,QullqgzNfL,51,84132,Sales
485,yl IqMDBbN,42,103164,Sales
486,MBGJgAsTx ,53,52470,Engineering
487,OOkBiKMPyk,43,117119,Engineering
488,tGMZvBNzND,35,51833,Support
489,mrgdYyJXAq,52,66500,Marketing
490,znoPcCfFul,60,93409,Sales
491,ACnXSgberJ,57,45417,Marketing
492,JguvFSYBMy,59,64099,Marketing
493,lMZKGwMxjA,31,91994,Marketing
494,HfbrwPhWYu,43,63983,Sales
495,EbsHxBuLdO,55,60138,HR
496,WvzITYZaPU,60,71724,Engineering
497,QIAegdfboK,28,101906,Engineering
498,XaCMqcPYzh,58,103555,Support
499,PAraFlDBEb,27,74263,Marketing
500,qmIKvnnxtE,37,109299,Engineering
501,W QcAGWNGA,36,113689,Support
502,bWSQBJlDWs,36,79313,HR
503,PwYtzpxYNt,42,74120,HR
504,ZNQRcNCTmS,42,55230,Support
505,KyFrTfsIQh,27,57861,HR
506,muTSEZliJD,51,97007,Support
507,tNLdyKxtHS,50,112035,HR
508,s tiLGncRS,20,103980,Engineering
509,MWyLPBzMHo,25,70223,HR
510, aniut dgh,47,36403,Support
511,WABWOLhoaQ,42,33109,Engineering
512,zAAwRqjTdJ,22,109171,Marketing
513,ewaKXTNggd,24,85165,Support
514,IZULLlPDtE,21,97846,Marketing
515,QDrKbLykZs,60,91239,Sales
516,UgslQCNwxw,51,103543,Engineering
517,kOplKNxRXo,30,105112,Engineering
518,vDgLzBNXuw,47,110280,Sales
519,LKOorwbUfF,35,92937,Engineering
520,KwvRwryAxm,28,107300,HR
521,BCkrfQmtUK,26,113172,Sales
522,Z zvxCPITA,58,101337,Support
523,bDXTKAzeuH,20,113939,Sales
524,NWBpPDBWXZ,60,57224,Marketing
525,jKnYttNQjk,52,40633,Marketing
526,GzqJPNqDid,40,72513,Support
527,jIcKDzaEmr,43,116489,Engineering
528,OiiKCYLtoW,35,82843,Engineering
529,kEHMjQcGbe,45,88152,Support
530,qByDSTqfcX,42,57930,Engineering
531,uCFpYahkMa,39,109058,Support
532,BUBgIlRJzn,41,37720,Sales
533,TCacPzyBiC,47,48772,HR
534,jjdYQRNZHm,50,91879,Support
535,Pct ORbISf,26,89015,Marketing
536,XGpN RVGlv,31,110993,Sales
537,HEVtzVaMAZ,56,48966,Support
538,VZhaCZf Tr,41,30591,HR
539,JepNXjjgHu,52,62637,Sales
540,vqArzsXReF,37,79548,Marketing
541,vUzNFRHQMS,35,85935,Support
542,rDMtDqLBmP,58,68128,Engineering
543,BNdOfSjiPV,27,91440,Support
544,LztYqUGZut,53,67048,Engineering
545,RVukMbTtCJ,45,114340,Support
546,kGOzSmKSMm,24,115257,Engineering
547,UUSXGtTSQi,25,44295,HR
548,jYRrRXFkxR,55,85930,Sales
549,RPRMK OgZB,22,44767,Engineering
550,VIgTsblePD,51,101756,Support
551,BqwFiFiYHk,53,98384,Marketing
552,ekfSNTApo ,53,52215,Support
553,SDdHfkcDxw,34,51395,Support
554,dufNWKiXWk,40,53101,Engineering
555,PnmFKBZslP,41,46035,Support
556,yegbTxOqCH,60,94842,Sales
557,nHOLvxPOej,31,61916,Engineering
558,hZiwE uWbv,53,99099,Engineering
559,GbnllBaknG,47,76893,HR
560,fjUHmdvHJm,44,44892,Engineering
561,fKMDITOMJG,51,69149,Support
562,NGeXbqVxck,31,55833,Marketing
563,HvsVzqRCRe,36,117415,HR
564,Mrgq asamj,53,46549,Support
565,vuzArXLdIg,45,116540,Marketing
566,MftneJDgvY,36,93352,Sales
567,CSuQzftvfK,37,117432,HR
568,ptHkOafvZr,33,66262,Engineering
569,MtiEGscNtQ,22,48056,Engineering
570,kfzTRTiAlL,38,42255,Marketing
571,CZaqrklcXD,32,31277,Sales
572, vCXfBPbsF,59,73668,Sales
573,dsvABWiGPn,31,103884,Sales
574,SAOeqkjZHZ,58,39228,Marketing
575,VybmimYRBQ,40,76301,Marketing
576,QY XIgzMjs,24,117563,Support
577,bHjiGArPoS,25,119422,Marketing
578,njqbzTmNHr,26,83654,Support
579,RYGNnoju j,41,77422,Sales
580,JWAKwDYEF ,26,73428,Sales
581,erBOHmCNcx,22,47499,Sales
582,uJLEvARVlZ,42,117866,Engineering
583,lGQWRNhYIT,38,87560,Engineering
584,EpLbTwhmFP,54,73353,Engineering
585,fkSGwFtTAM,20,69500,HR
586,BgJCzCmEQF,60,57657,Marketing
587,pbPWuROqPn,42,67504,Engineering
588,tizICkvQAz,27,43289,Engineering
589,gWPEfmSrrv,38,99457,Sales
590,fPMuFShbPK,41,41164,Marketing
591,ECUdENdgnT,28,72818,HR
592,fJcjdqeOXL,37,42674,Sales
593,KiFfcsZyVl,48,75785,Engineering
594,EGrSowcHqo,49,60022,HR
595,PXygTBItrs,49,57205,HR
596,gQIzCr cEp,22,77470,HR
597,Opndhrlxld,24,67709,Sales
598,AoBVzZbxsN,25,119000,Engineering
599,YlCuydbJvk,34,91486,HR
600,DqBZYhykcD,34,119926,Engineering
601,RuzrrpDTKV,29,49456,Sales
602,KEciynflQF,55,102800,Sales
603,GdFkjHRHlY,21,52495,Marketing
604,SraVXIZPng,56,96702,Engineering
605,QPGhFrrDGp,54,112462,HR
606,pZjNLksByL,55,80748,Support
607,sHXVzkHjdQ,22,39004,HR
608,tesTNLPCQA,54,106442,HR
609,UNAFvUMjeK,38,92451,Engineering
610,FmAuVLYYjR,41,75248,Sales
611,mSpJXcXuWk,33,77955,Sales
612,ibxRYfLIzq,57,94516,Engineering
613,h JHZhLNTq,36,46967,Sales
614,mVshpgrspB,42,82671,HR
615,CjIdTzqxoz,56,76586,Marketing
616,rFWMlLKjaZ,44,106734,Support
617,XTd zufSnU,49,34246,Support
618,xhBDyDtpMv,45,40872,HR
619,PohUCZhjIi,53,75828,HR
620,NVYRzPNwaX,53,32473,Engineering
621,uPStsabwTc,29,119892,Sales
622,lYWhruVHPr,44,105280,HR
623,HwS  FRoew,55,119675,Marketing
624,XYIvvNBqca,46,53828,Marketing
625,loNMhUxrKo,60,116155,Marketing
626,MEJigyAuXn,25,51319,Marketing
627,xNcEfTnuvo,26,59037,Sales
628,suUCCjzwCJ,27,51175,Support
629,MrPwmhJxZD,37,110906,Engineering
630,DxMYESNaQS,45,57947,Sales
631,udInTPDnKS,57,118212,Support
632, YnoxGDDXJ,34,82015,Marketing
633,myyyNTuTVr,32,39871,Sales
634,BXiixkPBpA,51,61548,Engineering
635,xRvnWHecrp,46,60257,Support
636,zAghGXvlnJ,49,53767,HR
637,DvOdRtwiQb,43,64201,Sales
638,LJIWttoDVR,39,32104,Sales
639, wmWWhwoFi,52,79508,Engineering
640,MwzLwOPkOX,38,48336,Sales
641,ZqyKrKuijA,48,64688,Marketing
642,nIvdwAfRoA,53,75689,HR
643,SoHJKSPwKX,44,75345,Engineering
644,TZtdzSYCAi,28,68958,HR
645,zFIeJdmzha,33,41456,Support
646,BEMNcjlSaM,42,79210,HR
647,IpvmipeoOe,50,115119,HR
648,zuMLBasmct,43,38397,Engineering
649,KHOeKIQFDB,29,35398,HR
650,NyKaequbtJ,56,115995,Support
651,wFkUhDqLez,47,95436,Marketing
652,rRfARjvTUI,59,103202,Support
653,tcLJH lMGZ,24,113688,Support
654, APtBLKQoj,46,64169,Marketing
655,mwWaAPKTRv,58,111496,Engineering
656,ClR HLuene,51,46373,Sales
657,BqsfMlVsKf,29,49868,Marketing
658,Vfzxsdofob,40,90254,HR
659,IiQyQMarpk,29,51526,Engineering
660,ZAYXahLQao,46,65498,HR
661,gEJVMSIljz,41,90721,Marketing
662,P gFadsWFw,21,43212,Sales
663,sMxRFYefQm,21,109080,Support
664,zAdiNSauYI,37,56827,Marketing
665,jbaYJUdTLO,26,78684,Marketing
666,dQCmXAULZz,39,58634,Sales
667,vZbiS PoIT,39,114686,HR
668,xJIRixngfQ,33,85941,Support
669, GMAeCmVwl,58,92330,Support
670,IntEZLuvip,59,98120,Sales
671,wkesrhMdek,29,70458,HR
672,HBjfMiyfsj,36,96350,Sales
673,lFnGgrhttj,51,88819,Marketing
674,ILL KZeYTd,45,95828,HR
675,MFJISUdaJj,34,94802,Engineering
676,uJDzoyLywJ,51,117865,Marketing
677,kAdRMkBGeC,56,63008,HR
678,zbLeuGc mg,26,55642,Engineering
679,TVQnu pVAR,32,108229,Marketing
680,ZK NfTKFgp,56,34585,HR
681,ODTjBPZfYc,24,45670,Support
682,fihGUAmHHU,56,72387,Marketing
683,TOPEhOsqNg,28,45655,HR
684,RXokRCsYGi,51,118279,HR
685,SAlpFoCRxN,59,116227,Sales
686,MVWpSRGpqe,39,76814,Sales
687,MSwwImBURI,45,101914,Support
688,tTtVaaEuoh,29,110787,HR
689,TjZNzbwZeZ,41,74531,Marketing
690,xFYmNLPhDP,26,70661,HR
691,qMLBtBbXHx,21,98688,Engineering
692,AVxOeiZCWb,37,54456,Marketing
693,jhITEELXWj,39,97955,Marketing
694,SJzqCMMHfn,52,84288,Marketing
695,blsWRSflsl,20,70978,HR
696,TRXRcXudqR,49,85603,Support
697,ePWyDNaLAO,44,103434,Support
698,fXnBooQPoc,45,68727,Sales
699,eQGKKYeMvS,36,46290,Marketing
700,acWET jDEi,45,98930,Marketing
701,syALEpctWh,33,55199,Support
702,mmeXMvcqDY,59,119966,Marketing
703,ITDLtWNoxV,57,69247,Support
704,x GAdELueP,55,104686,Marketing
705,VXegJmLWrq,28,97828,HR
706,zRYmCVfvYH,20,113035,HR
707,fGjgXEwLDj,37,69954,Marketing
708,hRdLJmKwcK,25,68652,Support
709,qO wz jqTe,51,50968,HR
710,WOHUexvOxt,54,88760,Support
711,qSeGEuAzNE,44,38675,HR
712,djRxWkYANk,29,34205,Sales
713,XdVwfhnvhk,34,50695,Engineering
714,hxPUAONhLu,32,53005,HR
715,inhn IUYFz,33,48795,Sales
716,hsmqtDanHi,33,91757,Sales
717,RJZGzwLJRR,37,89328,Sales
718,CWnUKhHBEB,35,104054,Support
719,kRniBw au ,56,51489,HR
720,FcrEbhCGWn,31,36416,Support
721,sGSkQzuQVh,27,113212,Marketing
722,eQhTyiAuVZ,40,48855,HR
723,LhbfRhNxrj,27,102014,HR
724,NjcYtaKCCU,46,61473,Marketing
725,UxDXCnAuQj,32,53050,Marketing
726,rVhMecoVNy,52,67105,Engineering
727,KtbMzkeOhu,29,72054,Engineering
728,wZQZTnzyfD,58,70766,HR
729,Nl bDmmVvF,56,82952,Engineering
730,uXDsGzyaVn,35,105705,Sales
731,bBHEtHelk ,48,52064,Support
732,ExupaYuNCq,55,59814,Engineering
733,XRhqlsWKmL,31,37537,Marketing
734,bHjrcptJhg,38,50138,Marketing
735,TkPGThxAYA,28,52278,Marketing
736,ehoznZvKOK,28,34494,Engineering
737,V lgdfb KN,60,64922,Sales
738,rQ JoKaBwD,46,91637,Engineering
739,MWDtbNhVtn,36,50234,Support
740,hobfdAdLLj,32,43151,Engineering
741,aHCyrVkfWH,42,58355,HR
742,lEHEBfhMvS,54,108514,Marketing
743,MbOfictbCY,53,77815,HR
744,QDWH zYQKd,27,30222,Engineering
745,WVstOANPfl,24,93428,HR
746,ZpKahJAUdU,45,64135,Support
747,yOGs yzQfd,42,40333,Support
748,eTmIqvbeaM,39,65455,Sales
749,beNCFcKbRA,39,52777,HR
750,eHdQiEFBCj,51,108186,Sales
751,QBEkAnyerS,31,95846,HR
752,MUAIKaHRHi,47,76086,Support
753,HoHUWPbjYi,33,71129,Marketing
754,OKPhdkZtRN,37,87369,Support
755,SiFmCjxpTX,54,88917,Engineering
756,m MsrKBTkG,56,114121,HR
757,JqUfYFzdYS,49,71438,Marketing
758,FmfywObkup,41,76048,HR
759,bwlXlHLrUA,53,103711,Marketing
760,luiDLlucMl,51,79748,Sales
761,CMfjJBDySF,30,45850,Marketing
762,gufS NUnDT,31,86840,Support
763,tMhZIseUkb,25,52735,HR
764,PUxrkPBA E,55,88677,Sales
765,RNCOPaDqfl,60,59775,HR
766,ZBUCOdPhUx,37,117058,Sales
767,MsdgTQPfDA,24,115901,HR
768,RNyOETHpam,29,80966,Support
769,HYmLcyWWDj,53,92776,Engineering
770,SKnWqEasZA,31,79044,Support
771,KgvzDZrsXD,20,79787,Sales
772,hhKnnKdcKO,38,118653,HR
773,VWADsNVOJZ,40,45246,Marketing
774,pZmDHMQAeQ,59,112037,Sales
775,GssAiMPIwe,39,43896,Engineering
776,pfnXmnxRPp,52,59084,HR
777,UlqOpOdSXb,42,46948,Engineering
778,VflHhdZVsw,54,67180,Sales
779,ZCYnKWxWnT,23,33818,Support
780,gAVcgeqdEL,56,86016,HR
781,i uEWnVINz,29,58770,Marketing
782,DpmtdQact ,41,40698,Marketing
783,tcUtoWQxmX,51,52963,Support
784,uAqfBYROsl,49,63142,Sales
785,DmzXISJVVD,49,48543,Engineering
786,f JcHRxyyx,23,89973,Sales
787,bFsLISEImm,59,94015,Engineering
788,sixzCZlDyz,46,53112,Marketing
789,yonUOVbeIR,53,37066,Support
790,Pyee sHQJu,37,47702,Support
791,frPQJHaHvX,26,68741,Marketing
792,duUoMOODeP,20,114617,Sales
793,CmFDJOGlkl,43,49098,HR
794,SkIfIfZDSc,52,34615,Support
795,yeYkVEx ft,60,35814,Sales
796,rZKyxCOYtA,34,76649,Support
797,Yw aTnVvtR,39,117263,Sales
798,lcGySpOutJ,53,50449,Marketing
799,wTiBSockUh,36,110755,HR
800,kIFsCDCehR,50,52164,Support
801,aqTVRoZYPT,36,34208,Marketing
802,EGIfdOKZsU,35,30070,HR
803,OOWTwuvInE,51,92150,HR
804,XzBSDUABzP,21,48017,Support
805,wQviFXQHDE,30,73045,Marketing
806,ZPGGwMFdSw,29,84402,Support
807,MUTt bxUoS,24,105236,Sales
808,lQUqCRPNax,41,60310,Engineering
809,ewCgnnDEAJ,32,71533,HR
810,gVHpMKDHHP,38,86377,Marketing
811,DOPOWF dQx,54,105079,Engineering
812,KOAFDShnwZ,53,61576,Sales
813,WNpiPWeHiI,44,33688,Sales
814,SXDOUXXWj ,46,36050,Marketing
815,nDHHuKcEtE,58,30544,HR
816,YNRBPaTVA ,30,102494,Support
817,LdLkWXyCbD,59,42732,HR
818,wrWmnTXtS ,22,102977,Sales
819,VDTkoSCVbg,51,54683,Support
820, uOUSAAaiS,57,70513,Support
821,aPcaMtImeZ,21,67475,Engineering
822,DAKFhtUaED,38,80282,Support
823,OdNnYR HuG,33,75130,Sales
824,gZtcVfcCLS,42,38905,Support
825,FjECgsMBLd,23,105036,Engineering
826,KjqFOiEoHL,46,46964,Sales
827,PWNVPafvEy,44,115581,Support
828,XzNKxTDxYD,55,63733,HR
829,krjelHccKV,41,57650,Sales
830,SRwmIcoNds,30,113474,Sales
831,vSKjPIItfA,43,75462,Sales
832,hYfzyn qnx,24,100288,Engineering
833,plTYgXZcqC,21,71881,Support
834,gOwuOEYnEG,23,37623,Engineering
835,iXwMDJTWGA,34,66047,Sales
836, fjXBcmPOy,25,34219,Sales
837,jYfCJ Xayk,24,47536,Marketing
838, MZwlHffJe,33,50926,Support
839,ktCDmvkbgV,49,53160,Marketing
840,NrlNOAGoyT,45,38338,Marketing
841,PpbYNZkUgk,35,82063,HR
842,ddrNhUZltL,35,49924,Sales
843,nFwiDHklNL,57,113903,HR
844,odmbMJQNdO,26,51518,Marketing
845,NGm aiDXZM,40,50643,Engineering
846,kISVGNoyCz,22,36152,HR
847,HciDyzidiO,51,100949,HR
848,dmNyfuAcOb,48,119127,Support
849, SibLsWDeI,48,95933,HR
850,CvsuISvpqM,50,95991,Marketing
851,ysqdhJIuQx,27,98416,Sales
852,eUtfLQMvjE,53,111732,Support
853,BsRqPKIaum,50,93634,Sales
854,JHZoyoMCBT,48,58445,Sales
855,WATWXV dYY,42,93086,Sales
856,rtzXxRSwoG,37,50417,HR
857,jNXMTxvsSr,35,117806,Engineering
858,rTHpMFdfQt,52,56215,HR
859,Gp QsH lYg,39,83318,HR
860,wWJsQxtULm,37,45545,HR
861,EZkLGxjBQb,36,72601,Engineering
862,uTxeefdWus,21,100249,Support
863,BTy ZZMWcQ,58,104506,HR
864,IiWcUklEFw,46,40514,Marketing
865,OTUBpQldBa,49,70262,HR
866,DUTAFHBy W,50,79845,Sales
867,RFLXxvITLs,47,47725,Marketing
868,xYDEqzUEmz,45,100681,Sales
869,DSxgQhaMNT,21,31731,Support
870,Lzlyybdkes,34,35056,HR
871,gu qpxnyPx,46,93542,Support
872,oabbiuOfJn,22,72372,Sales
873,xyzDLsyOzj,48,114906,Marketing
874,rzufEceZBH,31,65465,Marketing
875,n iHxgZIy ,56,86434,Engineering
876,asvyISHNQl,32,30508,Sales
877,nYQweAaSfh,23,77129,Engineering
878,jrnboiMdiC,36,52970,Engineering
879,YFcOZOQlEe,56,108993,Marketing
880,JPKUAXcOgy,21,110279,Sales
881,NGkqwPRhEQ,53,118528,HR
882,wPnAtUXREs,35,79748,Support
883,jRtHQqeApQ,32,79523,Marketing
884,RigEUlfBOd,20,89232,Support
885,XhBNmeNSNV,33,68403,Marketing
886,IImxFbDjSa,38,114803,Marketing
887,dsjNvBJVFb,45,70968,HR
888,QDBZOctg M,47,37542,Sales
889,wfnQdpkMv ,37,43550,Marketing
890,moMzFTSddt,30,58098,Marketing
891,glPpdbfDlC,45,43781,HR
892,EJtvIpeJPW,56,58313,Engineering
893,yedVfyCBaF,32,106213,Sales
894,nPiFfRypjS,60,82522,HR
895,ZJmnhk rSk,24,59264,HR
896,nTvwoCgngC,38,72610,Marketing
897,GlKVtFqHQm,33,104571,HR
898,D MwrbJAkj,47,75628,HR
899,uuUDAcHKcC,60,117809,HR
900,dnYIqpJUoF,31,31785,Engineering
901,ZQalcVrLJP,22,69431,Sales
902,LaZEnRPlDq,50,44754,Support
903,gzVoG WXwG,37,78319,Support
904,jAKmVawXIh,31,56431,HR
905,UuVzZqSjLe,32,113752,HR
906,MYgAcztPHs,35,48899,Sales
907,qC cBHODqu,20,58229,Marketing
908,PKMiucVvVp,59,46117,Sales
909,swGVwjZuXl,20,65694,Engineering
910,vAgZLxUJGK,55,115405,Support
911,DxhrxsBsLH,32,41357,Marketing
912,uoNZBChAJW,30,72352,Engineering
913,o KgjyTwBH,49,33514,Support
914,xJuHUZiGAg,58,112155,Support
915,emrAdZtMUV,47,46371,HR
916,JuXJjzTFVA,28,33761,HR
917,vLweSUawZN,48,59339,Sales
918,H kuUWdLZg,52,105664,Sales
919,RrJrzjFkKs,48,85735,Engineering
920,sGIMHkXMYf,58,66955,HR
921,OatxYIPYDk,20,73602,Support
922,CsHkzLjUhg,41,55938,Support
923,jPhilfTzGF,26,115259,Support
924,xjyUqCgvEg,59,36737,Marketing
925,ovzOeBKBEF,47,101664,Sales
926,WZQjIlUPLT,27,88027,Sales
927,tMMRnrwd e,23,37541,Sales
928,CaCxjtGBYL,52,54352,Support
929,QBjNbqfNHZ,23,82560,Engineering
930,soOKLYIEBb,37,114611,Engineering
931,FAOSLOPmeD,25,105500,Marketing
932,OdkvmFOKfs,35,30004,Sales
933,uRUXPBJUsW,54,60035,Sales
934,IKy xzvRTS,29,109080,Engineering
935,ZuZbHAHPXJ,52,47958,Marketing
936,lTvTbqcCyR,36,107722,Sales
937,rkaRBRoYGD,41,87068,Marketing
938,bGwgHXruTM,35,68290,HR
939,RYKXoYmVYu,27,66026,Engineering
940,sNHMsVUlff,60,103045,HR
941,XWzBXsherw,29,112172,Engineering
942,uuXKQZVMYS,23,64769,Engineering
943,NBU SRXJPI,36,61532,Engineering
944,OzdaXdQezd,22,81171,Support
945,bhkXzZEVrC,51,70562,HR
946,aQcRCpdQce,27,94265,HR
947,MJAPMEWnyc,42,85233,Engineering
948,AjCEtFfeky,43,111976,Marketing
949,fzJEHudARs,32,91997,Marketing
950,q SMRvFpcu,57,32507,Support
951,kOFcQLqghG,53,105130,Support
952,zFMFsSQxX ,26,54273,Support
953,ckoEsuERgp,50,62000,Marketing
954,NxFJFoZNBk,31,119962,Support
955,MauyqZsOei,56,111157,Support
956,WqMNIMDhpf,28,35503,Sales
957,qWekJJlVwS,54,40986,HR
958,ExqTDBxpFe,21,85724,HR
959,SZkdZFmzJd,47,113958,Sales
960,oqCiqknzRh,41,75237,HR
961,vKOSYcMibA,38,70178,Support
962,aIcIpNGhPf,28,110080,Sales
963,QGVtJHNPhy,57,114261,HR
964,FGeejgaKuP,49,104196,Marketing
965,bnUzAtDbVk,35,52991,Sales
966,NeIUQtEGVO,39,114713,Engineering
967,VBvkGVKuyF,39,96045,Marketing
968,SYWsAeayFP,59,75132,HR
969,woxMtHJBNd,49,59851,HR
970,h HFqWUrjr,45,43010,Marketing
971,HNmCFiRqxn,47,100714,HR
972,zgzqpHljPd,38,88372,Engineering
973,elXrpdbkqx,41,97211,Sales
974,LNjgUtgwmS,35,59366,Marketing
975,pcZTfsPDqJ,51,101927,Support
976,mfKtjwKo Y,37,49522,Support
977,uOUAzbQVpM,32,49073,Sales
978,DDusaNmShl,58,63385,Sales
979,oD cpoFhSl,52,89553,Support
980,OCVBli IvM,40,117995,Support
981,HLlCRKNRzf,44,59060,HR
982,NMMfOyHbMM,20,40474,Marketing
983,vCTRmgxmiC,59,116910,Marketing
984,EBvjtpvhch,44,58713,Sales
985,PqvUgJANiv,30,101426,Support
986,AfjkukxPSA,46,57517,HR
987,GbaAvMzenh,50,47242,Marketing
988,kMKWkjuBgM,32,77487,Support
989,FtmcQwVzmw,41,104061,Sales
990,ixgIDjcaLA,52,85675,Support
991,YxOqQDeG s,27,72614,Support
992,bKXXhmAfeP,21,54986,HR
993,PqFHWCbVud,32,39492,Engineering
994,dMrbvYqYSM,22,101254,Engineering
995,YwUdyYRAuj,34,75657,Support
996,XzyVdkfsWU,31,51701,Sales
997,oASEGSoGUY,51,115873,HR
998,YUvmcpAjZY,54,81468,Marketing
999,rBPqlZaHFv,59,114283,HR
1000,INwaJEYbDR,44,32424,Support
1001,wZgmHEcFMh,50,30095,Support
1002,CkUWjSdxWs,20,36627,Sales
1003,AdCujKqDbz,21,55197,Support
1004,PqBsibL ei,40,63381,Sales
1005,WcDHdxErPs,53,46001,Engineering
1006,BCCtrTncvN,35,77806,Support
1007,qmjFLafgwJ,32,66488,Support
1008,ybqfSSWdRR,32,47316,Sales
1009,ZuStQgFnLS,33,30486,HR
1010,Mn DvmkPUU,24,119489,HR
1011,PHyymINRiw,46,37782,HR
1012,cegihDmlmg,35,56633,HR
1013,Qib aUTMvb,48,115384,Support
1014,GoFzLQOZHG,23,89612,HR
1015,LgdENVYCTK,47,119951,Support
1016,fhqRoUbYQP,39,63236,Engineering
1017,SiywELYDC ,56,48700,Support
1018, XzOnoNwAA,60,79764,Engineering
1019,EtffGbwERj,54,60977,Support
1020,HSUCYDjZTx,25,50425,HR
1021,qzywaXXHNi,34,52917,HR
1022,rEyjxQMDpr,45,82731,Support
1023,VpidDWbuQh,52,53762,Engineering
1024,dlByAiyFWT,49,31243,Marketing
1025,OQEcRYScdj,37,117232,HR
1026,PJMeJFIRfE,39,107768,Marketing
1027,NmgvQpCOuf,26,79007,HR
1028,RSlBuSXmxg,23,113657,Sales
1029,GPrcEWLdVo,49,89118,Support
1030,WBdWUWQVrh,59,34532,Support
1031,pSomQamtQk,32,73398,Support
1032,XhNndwXqVB,52,91640,Sales
1033,BBygiDeDPF,52,112481,Support
1034,KozwQlNKWF,24,45397,Marketing
1035,dbiAtKCCqU,48,93187,Engineering
1036,UpmaKXsYPo,28,73148,Marketing
1037,MzFmOwGXYv,52,46918,Sales
1038,NXDfQgZsYs,51,117390,HR
1039,uFtpMjXkaO,41,81130,HR
1040,leWxfsywWo,45,30785,Support
1041,SfGrDGuIpN,30,87377,Support
1042,gWZcFwrPll,48,66843,Marketing
1043,HSMHeAIWKM,42,113066,HR
1044,lzuIczvZ k,25,31869,Engineering
1045,oHrhqZejuI,48,118227,HR
1046,mJKobUyeQq,47,107547,Sales
1047,alEzydmgtc,58,110098,Marketing
1048,wCdYIiWLCL,31,107579,Engineering
1049,bHCbZORuve,52,107639,Marketing
1050,pvLqjepYPl,31,110898,Sales
1051,ohgkrMFtOo,55,75879,Support
1052,SrtjoSeZLd,43,116093,HR
1053,KxnLUsEQhe,57,105356,Marketing
1054,giEj swWUW,32,41054,Engineering
1055,QFrNlvgcLF,38,115713,Engineering
1056,yVlVToelxR,54,73081,Engineering
1057,ZoGlJUwoSo,39,106018,HR
1058,xSBlnDscwg,45,68905,Support
1059,DNqcXMmXYH,23,104773,Engineering
1060,KXCseoqmYg,51,98391,Support
1061,ocRmcvTPYG,46,32368,HR
1062,JPyB WWNYj,48,117254,Engineering
1063,GizGrnYXgm,36,81994,Marketing
1064,KIHHxDCiup,46,92976,HR
1065,pwnZkTDkHe,60,54508,Marketing
1066,ulTNJWCWTi,53,54378,Marketing
1067,YlSRARdnJt,22,118657,Sales
1068,wNhTZVWKpu,36,109898,Support
1069,zUydTeoNRB,35,68571,Support
1070,WLYyfiCago,56,38232,Marketing
1071,NwBDFnhjuT,27,97277,Support
1072,PnIqHVCgEp,50,116220,Engineering
1073,QXDlZgIvlQ,54,117325,Marketing
1074,QzJaK qKzp,29,101679,Sales
1075,xjVhakZdQA,40,77742,HR
1076,CEsdilMizi,37,97586,Sales
1077,CriFUisWg ,43,38882,Marketing
1078,JwbzvdQrET,51,67909,Support
1079,KVuCpZRqpy,58,68628,Engineering
1080,sNUzHkDQmz,28,91439,HR
1081,lQsKhZzEFT,30,60266,Sales
1082,qBHTFufQly,57,36216,Support
1083,FuLKFoAben,24,54302,Sales
1084,ougyGAxSME,25,79789,Marketing
1085,GqMtvZqsav,36,104675,HR
1086,FyvsbQYHCc,29,59485,HR
1087,HmvvHULvyM,42,110480,Engineering
1088,KyLUVvOgYJ,45,105325,Sales
1089,UcjDbPSKly,22,55047,Support
1090,kOEVzGvQUU,39,81156,Marketing
1091,qIiAbofCML,24,67053,Sales
1092,ddUROrGhAT,60,52274,Sales
1093,PNCCPYlBoA,53,39218,Support
1094,OfCVQTnKFw,25,93751,Engineering
1095,dknfzEeyur,38,74641,Engineering
1096,o UJCSY ZT,45,88183,HR
1097,WtVcCagbfr,47,81269,Sales
1098,bMIq fvSvi,37,80697,Support
1099,JrPZlKkeWG,47,84498,Support
1100,MMIKlbKzNN,20,76837,Marketing
1101,likUANLTDR,33,54777,Engineering
1102,BupxZxIluR,52,115630,Sales
1103,jmFfrVVedk,25,107859,Engineering
1104,mjMXKVWqHi,43,43993,Marketing
1105,KNqMowufV ,35,53173,Marketing
1106,pgiOEMxFsl,23,82508,Sales
1107,ZrOxXQcHCa,57,95707,Support
1108,GENUinZUVy,39,57897,Engineering
1109,emYdswzVOS,26,47992,Support
1110,hOmOlJmpuy,60,44711,Sales
1111,uKSnAqTZvv,23,100973,HR
1112,TnC WpNXED,28,102679,Sales
1113,esHRTWqXCM,47,100953,Sales
1114,itEZsOacNW,34,78538,Marketing
1115,hmDNbOHUDe,60,85810,Sales
1116,HqaKnhkHHs,45,114541,HR
1117,PJZSTmeFiv,48,94062,Sales
1118,dDgqDAcLMX,22,44679,HR
1119, GGvfGvYWH,53,64660,HR
1120,EmXfyTKSVx,45,116466,Engineering
1121,aKeQgAHviW,43,50054,Engineering
1122,ajyFQlxdni,46,39240,Marketing
1123,hckZWzKlIp,23,56293,Engineering
1124,MrsvJAbDOS,46,39587,Marketing
1125,sPogeHlUmg,29,109525,Support
1126,ocgDdWvjhd,53,75480,Support
1127,CDSNYsMsrK,60,118334,Marketing
1128, zUHOlBhfw,22,41347,Sales
1129,UCqqqcjEeR,54,48124,HR
1130,qYYABtolEG,24,39965,Sales
1131,lWClyXclDQ,22,63417,Sales
1132,y MoMflEQA,42,113708,Marketing
1133,GKCssaNUvJ,49,114659,HR
1134,XlYGASXjpo,57,36515,HR
1135,gotqYHwVpu,26,91230,Marketing
1136,wrGYmrpars,58,48288,Support
1137,O jtgZGdDp,33,72540,Engineering
1138,HNeNuDultE,29,116581,HR
1139,HUDXtXilnf,32,104223,Engineering
1140,hLUvbdKWfA,54,43538,Engineering
1141,p WiPoYAeV,57,111675,Support
1142,HiaUIJCorK,33,92361,Support
1143,zdWhTFTTsm,60,109174,Sales
1144,xQzV hUJtK,37,66113,Sales
1145,OjRZNLwRIf,42,57088,Engineering
1146,sAhPfVnDpk,30,34027,Support
1147,YYLvMUJYDG,30,111061,Engineering
1148,bqlXhkfrAJ,24,101738,Engineering
1149,ythUYpGYPi,26,83258,HR
1150,boofiFNo x,49,108232,Engineering
1151,xrWcjdHdAi,35,86541,Support
1152,AGiDDHVhIn,23,78649,Marketing
1153,jvdo NufqO,31,35797,Marketing
1154,RPFXmslhDS,48,87691,Engineering
1155,aVOouCVIcH,21,116156,Engineering
1156,rzABQIQdNV,53,117682,HR
1157,KHrqOfvqBN,57,69302,HR
1158,XoSUlJbnOZ,55,45894,Sales
1159,dPwdCZgn m,47,103009,Support
1160,C KLqlVqNJ,43,53785,Engineering
1161,NvtrxFMrka,39,118208,Marketing
1162,pBZeURnVGd,46,96525,Support
1163,dbpwiHBRCR,47,117314,Engineering
1164,ZfWhIPEMuo,44,54919,Sales
1165,yg zWSXfyE,23,42672,Marketing
1166,ugJhPXZDzs,59,87379,Sales
1167,kJPJfwiBVF,25,49292,Support
1168,VSGDWVqUbJ,30,84776,Support
1169,RquAjWBaAV,22,81663,Sales
1170,zSwMWYirFr,50,51160,HR
1171,w SWbMMqwB,46,57987,Support
1172,l NvdlQxmb,21,59651,Marketing
1173,RphnrRxnIN,57,63417,Marketing
1174,IJjedruDTI,39,99021,Engineering
1175,mjkXcnrESp,33,65245,HR
1176,lfO xXSASq,32,36516,Support
1177,FhXixvcn  ,23,67749,Engineering
1178,uLQhYJwrXC,34,102358,Marketing
1179,QjjWfRaoCH,57,114269,Engineering
1180,baLpUf OWi,49,55229,Support
1181,LBzTFyRfYO,28,58506,HR
1182,dqUMhNshgy,59,78415,Engineering
1183,jroBgAewfF,48,106659,Marketing
1184,atklLGucgA,53,47948,Marketing
1185,CYnrXxmIyP,26,96080,Sales
1186,QvsSXkCbvA,42,34450,Support
1187,UCHsTIAHVp,38,112306,Sales
1188,HOMHXbYtPg,39,109836,Engineering
1189,zaIHOMrpEn,49,35650,Engineering
1190,DdmNzboyAu,49,70147,Support
1191,dugcDWBTxW,21,97764,Marketing
1192,EDCbOE Mvi,48,74108,HR
1193,hilkucCIWi,54,92752,Engineering
1194,DGdWJWEpe ,59,102820,Marketing
1195,PlnLBTH Op,33,106488,Support
1196,RxOJcMcjUa,40,95876,Engineering
1197,oRfnAbhjAb,35,60986,Engineering
1198,jQWiaKvFUL,39,33349,Engineering
1199,nMtaBOmMnz,51,82536,Support
1200,Va qHzGmck,43,65911,Marketing
1201,NgFiEnQRAz,55,49893,Marketing
1202,fhHABSIQDH,60,37501,Marketing
1203,tmBnFmXjhs,53,91294,Support
1204,pOXWCnUjTt,60,37030,HR
1205,szlFArjHnx,43,50778,Support
1206,obrdmcICBk,34,84922,HR
1207,cMNgKGoGYW,40,103050,Engineering
1208, uNwDntqfu,41,70490,Marketing
1209,IWpESxzPrW,48,84027,Sales
1210,kUCFYJCpJv,31,119027,Marketing
1211,ikDjmdhLwu,41,83935,Sales
1212,EpSfaAyeLK,32,41098,Marketing
1213,UaLMJLoxSj,59,76366,Engineering
1214,rQnOanYJcT,20,83041,Sales
1215,CjFbsQjuYq,47,49989,Marketing
1216,ShUOfyTclq,30,96137,Sales
1217,hwOf nVLTI,41,99634,Sales
1218,ufxioYrEl ,38,99740,Sales
1219,cKTAqEmvoX,39,92722,Support
1220,DQNKvdGDwS,60,49306,HR
1221,aQ GJPCpqa,37,52716,Sales
1222,vnKZJwUXFP,32,58992,Support
1223,zkREoQIKEG,48,41375,Support
1224,mevSmjigX ,42,102912,Support
1225,rdsnyKRDDX,58,85820,Support
1226,HBNDcoUfmU,36,98374,HR
1227,pPOlWkMfOA,60,94807,Support
1228,eOnkuTTTxQ,28,52798,Marketing
1229,GJOTRYHO Y,27,107580,Marketing
1230,yTJwmpMPcV,53,113868,Support
1231,QbJKalREQA,53,66052,Engineering
1232,lF XYPlg L,21,67230,Marketing
1233,taLWwVlmFF,55,104074,Support
1234,fhggGfevFK,28,42290,HR
1235,hhKbNuKBBz,21,42425,Support
1236,jcDmjHeNbM,27,53147,Sales
1237,qGPlbcfqwt,38,58968,Engineering
1238,dkPMdoJPBo,34,62477,Sales
1239,kUEduMMUXi,52,105376,Engineering
1240,iXGinpTdVW,38,113541,Engineering
1241,pniKdYUjcI,46,118355,Sales
1242,zVEJSYajpF,29,83780,HR
1243,lzRwbLq lN,26,52241,HR
1244,pI lbnZKnW,43,118046,Engineering
1245,RrVwmtusil,27,110846,Marketing
1246,RPdXdSKxKU,36,100422,HR
1247,MubiueLMVl,28,108286,Sales
1248,KEnIDRQAjM,50,95345,Marketing
1249, nxFuxmLdI,22,71839,Support
1250,xZjZFaCTkK,44,42886,Marketing
1251,TzNBEJzZSX,39,85528,Marketing
1252,oBnwJzx FT,55,60990,HR
1253,jeGTaunBPb,26,84076,Engineering
1254,LVmubfyapg,37,99308,Support
1255,gyQBBVGAtm,57,104116,Sales
1256,dfAgWbLoQv,41,106821,HR
1257,ZOkDUryveb,39,85984,Sales
1258,vOVWOTytIa,55,66029,Marketing
1259,tGaRGPSOJh,30,111502,Support
1260,ETxhHYDWSn,22,33258,Sales
1261,EFft SKfxp,39,83919,Marketing
1262,cCBaUTZHLo,31,30621,Sales
1263,gEUeSdDKyO,36,45740,Engineering
1264,PpBfWwneFp,45,80939,Sales
1265,fYpVNCPhDU,47,49764,HR
1266,kjMhVdjRvm,21,53831,Engineering
1267,teXhJpoAqV,59,105512,HR
1268,fzrfcXSauq,20,96981,Marketing
1269,ApAcWcFLts,29,116396,Support
1270,H oyHpTBJq,23,63641,Sales
1271,RcfOyWRRNZ,45,98704,Marketing
1272,WFMBlBetEk,48,35255,HR
1273,lrusqvlyTm,43,85976,Marketing
1274,fisDQULpDL,40,87703,Marketing
1275,BARdqbptFY,28,73468,Engineering
1276,bZDZLoEMKL,35,35733,Marketing
1277,DeptOZzgCr,26,99244,Engineering
1278,U zXpWZtHB,28,98174,HR
1279,lvdfzsrqiA,34,54397,Sales
1280,EbvQQQZLJy,57,66438,Support
1281,jxfGpzMCE ,46,71937,Engineering
1282,TqvVzPOuHu,32,47528,HR
1283,eQfgsaJzNi,30,58643,Engineering
1284,UztYJHI lI,36,82216,HR
1285,UZLGEbXgeS,28,107966,Marketing
1286,oRwKLQoRIY,47,90971,Marketing
1287,QCRhiDBEYn,39,67688,Sales
1288,jiWHSdPPtp,24,83605,Engineering
1289,nGWqrixzmv,53,83620,HR
1290,orBretkzCG,40,56705,Sales
1291,YfIvGLiAxo,32,41415,Marketing
1292,WBH kLCuoz,48,113383,Marketing
1293,kaKPlzaLCH,53,32072,Sales
1294,ovPYG ltZP,48,115878,Marketing
1295,YMudHgKZSY,39,47835,Support
1296,GpALiEzQDV,49,112117,Support
1297,e GYQYxLuC,47,36750,Marketing
1298,XYsTWfElTX,60,41483,Support
1299,EQzKcYnUXT,57,117529,Engineering
1300,iNJjLDmAEZ,23,94437,Engineering
1301,ohxAKiBRJS,42,78587,HR
1302,lWNJrZYrcC,20,97338,Engineering
1303,tgxjWSvVNC,53,72177,HR
1304,SvqlDXlPHN,34,94169,HR
1305,rLtzwiNvou,41,84702,Support
1306,YqkHfiovlu,60,40099,HR
1307,DmB DbEZZJ,48,83334,Engineering
1308,UyuGDCYbYG,51,63903,Marketing
1309,GAjzQSAtCZ,25,106151,HR
1310,ifvagJoXEg,60,93308,Engineering
1311,STdgjWgQNH,48,66138,Support
1312,xcViPspjbx,40,62130,Support
1313,GvbcdszMXK,54,39238,Marketing
1314,zSWH ZcghV,53,97672,HR
1315,JCtxfgqIwI,25,53710,HR
1316,rEwAQqcQEP,50,60201,Engineering
1317,HUMwNPyFTt,21,66585,Marketing
1318,vsfRbGUpLd,23,111612,Sales
1319,aViScqNEGZ,25,98428,Marketing
1320,MkqIJCBimN,50,109922,Engineering
1321,iqcfCwdOCF,45,63833,HR
1322,HoRSVhHdUV,21,43726,Sales
1323,IgKxjYkjtH,29,51354,Support
1324,oBIIMdKBZj,46,79423,Engineering
1325,Mi VogSOjQ,24,109265,Engineering
1326,yIMqTZgCul,45,35595,Sales
1327,LUMtRPsyBd,44,59566,Marketing
1328,quQwVcipdp,20,30242,Sales
1329,iyDZASDYNV,52,108263,Engineering
1330,ylHmMGqZjs,28,49093,Engineering
1331,WUPzJzdqdk,57,71088,Engineering
1332,NrEtmSOIMN,46,56579,Support
1333,Mt aevnbFQ,42,79176,Marketing
1334,OYiAjlkazy,38,91403,Support
1335,QFZYQctBaQ,22,44636,Marketing
1336,iJ irCbUAr,52,90446,HR
1337,MCLuoDrGzH,40,119736,Marketing
1338,KoHynSnFfk,52,97183,Sales
1339,lvoVa izOL,31,102214,Marketing
1340,IMlfRwpXMC,48,51985,HR
1341,DIqctHCbao,46,72661,Sales
1342,UbaykrNDQy,25,31434,Engineering
1343,URiWcAZKEF,29,46523,Marketing
1344,ety HrurIN,52,33134,Support
1345,svPAcDXLKy,33,81553,Sales
1346,qWXAcGDVGX,43,76803,Marketing
1347,rlGjQzMutg,38,51238,Support
1348,nexaEmnbgk,39,35461,Sales
1349,sjlmiJFrZA,28,77317,Engineering
1350,jtDpT KWMF,34,71216,Support
1351,FQoBEkKgcV,25,77272,Support
1352,hvStEWEZJk,50,34732,Engineering
1353,KtwThGPgNw,41,50089,Support
1354,WWjQZuqzg ,41,55689,Sales
1355,P MHgJdzmk,50,79954,Engineering
1356,vBkPtmLkds,22,73533,HR
1357,qTUFPytoYO,49,31790,Marketing
1358,tcHRXBaoqp,53,32236,Sales
1359,osqxIRhFbM,34,78506,Engineering
1360,aGFcGaRRoa,41,113030,Support
1361,MxEIBpvNFf,44,45159,Marketing
1362,ExVuLujuUv,42,96735,Engineering
1363,zpqEdtKIkt,33,64350,HR
1364,bslKeVIvEs,28,81020,Support
1365,kTTMObwfzF,53,75796,Support
1366,mcQIFIcSJU,53,73429,HR
1367,dkMECJKNZd,47,42992,Support
1368,umitktkPqx,41,119457,HR
1369,MkAtSrUpHl,49,116185,Support
1370,ShOlqhWDKA,21,105544,Engineering
1371,BZBsQvfhHI,46,37549,Marketing
1372,cWTQORhCxH,45,78997,HR
1373,BwXvxSrvRw,29,38242,Sales
1374, TjbMOcOkZ,42,103497,Support
1375,vzvZcMVKaP,60,78689,Engineering
1376,MPVDbLALDm,33,77251,Engineering
1377,sZbSBeDBCP,29,32329,HR
1378,yNdtCTvXIU,58,68470,Engineering
1379,sJAgCaDSDE,45,59912,Sales
1380,TnMIWENzLD,31,40061,HR
1381,XEmrvyMOvK,48,60429,Support
1382,fugVOVhLy ,39,63396,Engineering
1383,QbXdTyQrHu,39,84551,HR
1384,yXuzSaHlHS,33,46214,HR
1385,yUFIcyvvyQ,41,64046,Sales
1386,rVsLJthXSy,49,38373,Support
1387,XBCFzzAQDp,42,43359,HR
1388,KdgXCBldfy,35,105184,Marketing
1389,jRgneJTIkK,57,42191,Sales
1390,RNaGFMuagI,38,56362,Sales
1391, chKlkZRWK,53,108386,HR
1392,eDVWMJcxtB,36,81352,HR
1393,ozZ ScNQYK,32,67205,HR
1394,tRDomHVjeC,42,82625,Engineering
1395,xNLdYqZuwn,46,108560,Support
1396,eHJkAvTtet,43,50133,Marketing
1397,FwstfPFNsE,31,31740,Sales
1398,C wQbBabbM,29,81415,Sales
1399,FTVVKEMZnT,54,56016,HR
1400, HWSAytNde,27,100887,Sales
1401,eTVBSoucAZ,38,102903,HR
1402,DMnXyQxrZm,30,41613,Support
1403,QJrEoqpgOk,46,91103,HR
1404,EsexBINdIP,26,68645,Sales
1405,tnHOaHvXsL,42,70858,Sales
1406,tzsYomLhaW,54,47834,Sales
1407,ZzZNGgCkJO,21,90425,Sales
1408,UdnRDYDkEi,33,62878,Sales
1409,WNuwyLYIQu,25,56968,Engineering
1410,agiwIvWJbV,55,95300,Engineering
1411,VwubsdErMj,30,93221,Marketing
1412,BtWgRnqsBG,35,78651,Marketing
1413,JkLvdEybbA,51,87152,Support
1414,iehCMMmMhP,22,83861,Sales
1415,AaYHUFiDPr,57,53365,Support
1416,mJQvmufrcJ,23,65415,Engineering
1417,SYafytcYYV,23,88138,Marketing
1418,mpRM rsZDu,31,95383,Marketing
1419,eXhRlRsTzj,33,45853,Engineering
1420,pJO tGsAMf,23,115638,Engineering
1421, bzoKwLnPH,37,38258,HR
1422,QYmkrybTWr,43,119477,Engineering
1423,JcBGLaLlYm,45,91246,Sales
1424,cUnaaoMqrK,27,92819,Sales
1425,StC zLmAOg,28,49094,Support
1426,xuEYaxiyqZ,46,69187,Engineering
1427,PDcylqDuIo,31,110760,Marketing
1428,zc FcGRxgS,57,82410,Marketing
1429,iMkkjVMIxl,56,49644,Engineering
1430,TynOkDmLNV,22,98905,Marketing
1431,VQhNUXPJNq,28,43234,HR
1432,qxmspqME C,56,79029,Engineering
1433,RFRPcrsorJ,42,40653,Marketing
1434,mpLxxXrfvQ,58,98378,HR
1435,KSdrNlYlsG,50,42177,Support
1436,dfnRtEPrbL,27,86850,HR
1437,HgWdAxlGTH,21,39928,Marketing
1438,ukxTOsW vR,22,101765,Sales
1439,ubpwMLNQZB,32,74621,Sales
1440,uhcioTatU ,60,86326,Engineering
1441,DVxIcxbzRz,48,67557,Sales
1442,nQQk BISeJ,36,47235,Support
1443,BHQTfaiUul,29,76304,Support
1444,dpyiisnpzp,39,32205,Engineering
1445,CpLurCxAel,56,68666,Marketing
1446,fveNuLFZNn,26,85805,Marketing
1447,hiMIzBdlHa,54,119483,Engineering
1448,lQigqUURUH,38,76684,Engineering
1449,yQikvbrIUU,29,45360,Sales
1450,ZDLPzpkPrs,60,83778,Engineering
1451,avM Fkbwel,49,35625,HR
1452,MoNFXvPUCR,59,108735,Marketing
1453,hUOiENWkOW,36,46730,Engineering
1454,FwpVhoYvRU,40,57491,Engineering
1455,HtNeVLxisG,28,43988,Engineering
1456,xCdkXWaIEZ,56,71833,Sales
1457,dSAIs tQGF,38,119525,Marketing
1458,SYOjnlE dT,53,87268,Marketing
1459,KRVdSEPHNe,54,119290,Support
1460,da CrfPFdB,27,94598,Sales
1461,eYzjoWoWlw,58,33989,HR
1462,BNUVIIcqzS,53,105459,Sales
1463,UPmkUsxtSx,25,42444,Support
1464,LYRxmnZNaY,35,114656,HR
1465,ynycM eogY,59,31046,Support
1466,hfEXxSXvYr,44,117634,Engineering
1467,aiwsXxAXmM,21,75810,Support
1468,lUqEhPAAfB,25,83612,Sales
1469,mPidM yTZ ,37,75024,Marketing
1470,vlGHiDTYb ,32,87742,HR
1471,qKbnpOnoHY,27,33379,Support
1472,YbcXwSkHO ,20,54122,Engineering
1473,zhFjMuFRdB,33,89496,Engineering
1474,EqTYqAgcai,49,108568,Sales
1475,cwYhMZKaEO,40,40579,Sales
1476,QFgIfkTskH,36,113621,Marketing
1477,vnkXYrHvdQ,40,85864,HR
1478,SphXkBtlLS,27,71702,Engineering
1479,uDeaxvKvRU,35,51057,Marketing
1480,kcgFudXNWM,53,64834,Support
1481,WXlhpYOeLo,60,73337,Marketing
1482,WwuJVTEyhE,60,88784,Marketing
1483,LFUKBStzrN,28,88761,Sales
1484,quHDdHzDXP,37,84259,HR
1485,iFCMYzWnWc,52,52524,Marketing
1486,nwgWyxWfHH,45,62470,HR
1487,axyXJihFxB,57,73869,Marketing
1488,XnUhVkhunt,27,30432,Sales
1489,GuGtvGTzDp,39,81887,Sales
1490,QmVCikLIxq,21,54930,HR
1491,tLypTIkJfD,24,87717,Marketing
1492,ZFnpWPFkU ,55,114900,HR
1493,Fjqdy oduZ,51,105663,Marketing
1494,YpqFDnajBk,38,45850,Engineering
1495,EZ tQirkcs,27,80768,Engineering
1496,KCaRbiLsr ,60,45136,Support
1497,SsjuhNsjyo,39,83981,Engineering
1498,OfeLGnijlf,22,91358,Marketing
1499,akRYdNsbQb,58,30195,Sales
1500,qtFIvIQAbW,34,42625,HR
1501,y BqNTlRXM,55,116554,Marketing
1502,GDulVIpYKv,24,67872,Engineering
1503,ymnWeZFRPP,57,104414,Marketing
1504,uAXVbdabrW,28,54043,Engineering
1505,oqKMXsZzaV,45,106722,Support
1506,JxjRr iJDJ,43,91781,HR
1507,XSPDUFNqmi,31,46812,Marketing
1508,TEbwulDLDk,22,66547,Engineering
1509,LtDpNc DGV,59,117847,HR
1510,jrbhLprDLS,52,39228,Support
1511,ivBOMAviod,53,61019,Sales
1512,jCEsPEqoor,41,96438,Marketing
1513,znbKurpMoK,41,69208,Support
1514,mcHae pBJl,49,31503,HR
1515,ZSDMFPblMv,44,86801,Support
1516,XXyDkJU vc,52,112905,HR
1517,RPZKoasVge,20,90740,Marketing
1518,buMDYMNivX,54,44098,HR
1519,wlCOLJrAPS,47,71891,Support
1520,gOCGsYuvrN,41,95826,Sales
1521,MdlvekCVuq,42,49280,Support
1522,umXDAcifOm,32,59054,Engineering
1523,YXmmCzvXTZ,28,119415,Marketing
1524,YmupquYWat,28,86588,Sales
1525,dBJdjE rRu,49,63100,Support
1526,IaxqCLdBGE,26,109442,Engineering
1527,ktiJrijciW,24,51824,Engineering
1528,xexDBVEgpX,42,49484,HR
1529,FtwKWeKYfd,41,106766,HR
1530,pqRIXkQhZn,20,92009,Support
1531,gtTqbcptfG,29,49817,HR
1532,MEaGeArZEO,26,57252,Sales
1533,gQfZnUjOpJ,60,79195,Sales
1534,Kqkq gkowh,20,61595,Support
1535,cMlaVrHJor,55,75596,Engineering
1536, YhCIpUrXR,29,90190,Support
1537,xFXKtAKLUU,59,55694,Marketing
1538,rkNMJlIHZC,40,68997,Support
1539,cnpPfYlwMc,24,77270,HR
1540,XvkqDDfLJA,21,41587,Marketing
1541,UHJwELiYEY,37,76555,Marketing
1542,rlYUVzuNMc,39,100420,HR
1543,chjHUCHyMy,37,88031,Sales
1544,SeoEtrroxV,34,116624,Sales
1545,LZwJGUGJAT,25,90189,HR
1546,IJAdyqLmjT,46,31376,HR
1547,BTcoHgXMwe,57,72507,Support
1548,GWyEAFUwTM,58,107504,Marketing
1549,GfODPpFFOq,42,114210,Support
1550,GjgfmOPPky,46,70678,Engineering
1551,RhRsmAPnhG,29,70476,Marketing
1552,uBRHprXXTv,46,67847,HR
1553,ZQyjcLDhmi,27,35391,Sales
1554,OBtqwEGqyU,24,103305,Marketing
1555,ziIfZRQTxK,59,86579,HR
1556,lFiNWdNPfw,34,108025,HR
1557,GtvEEvON e,60,101676,Sales
1558,UMuwcustin,35,62320,Engineering
1559,ECRzOJIBwL,57,108800,HR
1560,pn  BPUCaC,25,58240,Sales
1561,VWNAGhOJAb,20,66403,Engineering
1562,GyGJAtLUjO,40,91655,Marketing
1563,TsOShiPXWP,22,97739,Sales
1564,rkWhLZnmKj,22,105867,Marketing
1565,XDAfGSowYJ,30,82544,Support
1566,EQiDXLstuy,41,97107,Sales
1567,UtulIRF kP,31,42916,Marketing
1568,caMvNVHUUi,24,65986,Engineering
1569,BdpOgewtdY,35,59854,Marketing
1570,kidPMAirLz,58,80527,Engineering
1571,zGFf TywDE,24,33735,HR
1572,tUkdtTuIiB,20,99734,Marketing
1573,QKgrkCYZHj,55,56135,Support
1574,zSJpKtDsWS,57,104118,Support
1575,HYotckCvoX,23,86962,HR
1576,RCTWCBQEab,52,82552,Engineering
1577,iooGOUDeji,46,53055,Marketing
1578,qoEx drKKE,21,100099,HR
1579,IUip hzcju,25,48656,Marketing
1580,mWwXGkEJHx,48,82481,Sales
1581,txnXpFukZq,46,51617,HR
1582,XbWEoDTvNU,49,104475,Marketing
1583, BjIevmRlX,59,71249,Sales
1584,YJNHeIMabY,22,77464,Support
1585,PIkppifnLI,49,31816,Support
1586,qYtqmgRYXO,31,96529,HR
1587,ijdqxBDOI ,49,65594,Marketing
1588,PskzDOAQgE,52,108825,Sales
1589,qwXMJkSsvd,40,89515,Sales
1590,VEjVZZTMjE,26,41163,Support
1591,RGvegRoHTu,29,57300,Marketing
1592,LQdHYFaXkQ,36,68806,Engineering
1593,rompy JlXr,27,109476,Engineering
1594,heaPAofeIx,26,93787,Engineering
1595,suHSrNdsHB,53,56153,Sales
1596,fvLlAQWFSO,33,77579,Support
1597,rKxAGIhCFt,54,114539,Engineering
1598,cInwQvYZBR,39,118226,Sales
1599,OPrVwcGKOn,37,46539,Sales
1600,KgHzvREjFL,24,104782,Engineering
1601,QaAUPkcxBR,27,76333,Engineering
1602,XAZ LDoBxN,51,110421,Engineering
1603,zJGICexuNd,60,80819,Marketing
1604,uaVvJNjS R,54,47018,HR
1605,uZWctcUsFY,41,93457,HR
1606,IoSuDWSXjZ,42,87944,Engineering
1607,CKRYJtQZwu,58,84660,Support
1608,gwXdGLrKhe,31,94135,Marketing
1609,aRFdLtlYlY,57,92492,Marketing
1610,rFmbDhcsSt,52,30528,HR
1611,FhXhmcMmer,46,72213,Sales
1612,pqJvfMUfWY,58,113056,Sales
1613,cWUBfXy Ua,31,88601,Engineering
1614,XKalFgVfjg,32,37274,HR
1615,AQmWUCxBRQ,27,102768,Support
1616,hw AhwZyaI,44,75598,Marketing
1617,ndSUMWovoh,54,38798,HR
1618,lvzHrKwzGd,39,108329,Engineering
1619,VwFmrPxxhc,44,53452,Engineering
1620,HTXMuxKfkI,29,79824,Support
1621,iADsoIgIzD,21,82771,HR
1622,HKbsElNJhs,30,100377,HR
1623,JUJpkbJQfF,44,98950,HR
1624,azbWhyWbjq,45,87106,HR
1625,rjqzQzwihd,48,93347,HR
1626,bhIJFJjShY,38,75744,Marketing
1627,fZTAotd MF,46,116676,Engineering
1628,KYmBQUuMis,31,86956,Engineering
1629,UtMjldCyci,52,117009,HR
1630,fGSBIbduAy,41,61666,Engineering
1631,I fOKDjKgT,39,112537,Support
1632,hTdXFXu dN,34,70842,Support
1633,MRmFZVXjlc,41,59486,Engineering
1634,NmiGFfLlmv,36,59329,HR
1635,VjDWibYaBm,25,57555,HR
1636,UCiqkneRoT,31,117753,Marketing
1637,xynXmMptdZ,23,72150,Sales
1638,bgSxegqCLA,60,64052,Engineering
1639,sHUFqhsMky,45,34061,Sales
1640,wnLWiSzUTc,32,61292,Support
1641,zIwuJA Qwx,38,94186,HR
1642,wgcUtgEhCI,20,44461,Sales
1643,shpCqZUFkW,51,71925,Sales
1644,ZyyprdDRGO,32,70933,HR
1645,YOKWfYQmmd,24,97783,HR
1646,hlvYaHKhAI,49,109666,HR
1647,xrHvARBQZZ,56,60863,Marketing
1648,SlhxgECvgW,36,108379,Marketing
1649,oNvhJEmPpt,55,55791,Support
1650,SZNZTDcOUP,20,109656,Engineering
1651,DVcYXDPbVU,57,97285,Support
1652,uvVVFBRKBz,56,61271,Marketing
1653,kvLOXCarOh,50,77127,Support
1654,KcZKbjwDWj,40,54041,HR
1655,rEnYcQlyrs,47,68425,Engineering
1656,EjGJbEJUgy,31,56223,Support
1657,lWtMwVWsrJ,57,105146,Support
1658,YZTLxBnqO ,52,84957,HR
1659,D ebqyyGKz,21,99736,Sales
1660,bmRphWQFfZ,39,87073,HR
1661,AOiCzYTray,46,90182,Sales
1662,qHpGjDWMrI,49,86515,Marketing
1663,zBdJoYV Zm,37,78931,Marketing
1664,ibpwKnqJTv,35,43369,Marketing
1665,tjGCUTRXrh,27,62340,HR
1666,TxHbLRKEqj,56,103602,Marketing
1667,UmUCMxunbF,32,93493,Engineering
1668, QawNLjfwP,50,64362,Sales
1669,Ue fssJuLD,29,37177,HR
1670,UofpzSdgbg,29,101411,Marketing
1671,ERGfnyGoXa,26,32863,HR
1672,QJirXeMzNK,54,66875,Engineering
1673,fRYzdndZcq,50,73207,HR
1674,rvRMyynFou,46,35508,HR
1675,RjIZDYhNcV,30,78815,Support
1676,ptVIOaJKBi,39,78023,Marketing
1677,aZhhfAVpeo,24,112422,Sales
1678,EafBOXYwlw,35,38783,HR
1679,cIXRShiW M,29,38913,HR
1680,vDbRSTkjZt,60,39525,Marketing
1681,vstOentMva,42,65470,Engineering
1682,jaOrtGDxPY,50,67450,HR
1683,cUQLqYhiTV,24,67222,Marketing
1684,oXcP Mycgj,51,112641,Sales
1685,iYhCBrFhAk,54,72301,Marketing
1686,VgxwtiaHef,51,60719,Support
1687,DLKLHOJQfh,41,113643,Marketing
1688,MWnhqZoCLt,21,35233,Marketing
1689,KzyyZazFRv,51,91563,Sales
1690,CXXMrtDMpx,50,88205,Marketing
1691,uENEEgYSJj,45,85987,HR
1692, AOGmBeUTW,40,91807,Marketing
1693,zShBFLbFmR,58,34875,HR
1694,FUKKRSVIYC,32,85647,Sales
1695,EFbtGISZVG,46,105391,Marketing
1696,rVUxVeJpVP,34,73626,HR
1697,ZtUFcZkbTM,49,104852,Support
1698,mHfjngqiBL,27,88891,Engineering
1699,CdvCmV deB,46,49581,Support
1700,KDAqBNXXJk,49,48763,HR
1701,HNloGYTvHh,53,56893,Engineering
1702,nlsKOWPxEN,30,114138,Support
1703,Oj ovGJZnL,26,101448,Marketing
1704,YGkcQVyXGg,52,63327,Support
1705,QEsgju mWc,60,101279,Engineering
1706,KmxrjlTcfi,56,53087,Support
1707,qQUBsLvqLa,34,67881,Engineering
1708,PktbllNAOp,51,73679,HR
1709,Qtc huJHPJ,57,63109,Engineering
1710,NmWDsjWCCK,29,45650,Support
1711,BC nTFIWgH,22,75376,Engineering
1712,rmUqaLUlXo,57,55773,Support
1713,KDTzmOCxzh,42,77287,Sales
1714,vkChoBYgUU,53,65981,Marketing
1715,fSqn oDBEy,28,101534,Marketing
1716,EtFWNvQTKc,24,41470,HR
1717,LumIogPpqF,58,79888,Support
1718,iVlFuRNXND,21,33600,HR
1719,XCyFKZGxWl,55,113900,Sales
1720,DHOUMzXrMm,26,116377,HR
1721,sJTCToCCPY,60,57298,Support
1722,FujZOglXki,38,49757,Sales
1723,LASjMrRVgB,48,114476,Support
1724,YHiCZjorVR,60,114601,Sales
1725,brCwXobgwS,53,33406,Marketing
1726,CaLJYVaxMw,55,32941,HR
1727,SIhjtrz DG,21,110128,Marketing
1728,TTtTWypkjQ,21,60941,Engineering
1729,wMpdaUgwQA,30,97002,Support
1730,JaWiYZONBl,28,87961,Sales
1731,HuGQMVCviC,50,107624,HR
1732,uSLWrGXGwh,49,106973,Engineering
1733,yT zD Nvwh,45,97041,Engineering
1734,yzghmClwpL,55,50488,HR
1735,xdKvpWwfGu,24,107886,Engineering
1736,t dtZVxXRy,50,106077,Marketing
1737,BlXQEzaUUt,42,72607,Engineering
1738,iviWVLOptv,26,101398,Marketing
1739,R GgDBxjEz,48,74423,HR
1740,aFEMLpaGlx,40,103870,Sales
1741,v  TIowfHF,22,59027,Marketing
1742,WzwgpQXoX ,57,80014,Support
1743,KrGjpbxTkg,45,117969,Support
1744,kaqSfEfspi,59,100139,Support
1745,NztEyfmRFt,46,67340,HR
1746,adxdrhnWVS,48,118144,HR
1747,PchscB PEl,38,63814,HR
1748,xw rUgHrly,45,49996,Support
1749, iEyI ShAk,50,113393,HR
1750,ifTDtkuoOq,29,108667,Sales
1751,jxybaDrnbG,41,80515,Marketing
1752,rPPDgbbJPx,52,90205,Sales
1753,VzOZIabSep,20,62207,Support
1754,YXqbohzamS,29,118516,Support
1755,MAhmBzimOk,54,119957,Support
1756,lsbjwDnXIf,20,119470,Marketing
1757,BqTFXxsBqs,22,93470,Marketing
1758,vOeqvIVObh,33,61846,Engineering
1759,WWGPMqsxfS,33,69216,Sales
1760,LeAdIfWRWx,28,70283,Support
1761,DDwjvYYSyp,45,118379,Engineering
1762,XPXfztTOiM,20,41196,Engineering
1763,YOfEQMMRqo,26,50140,Support
1764,jtekUJFjIQ,60,116354,Engineering
1765,bbjUBMkBue,51,32645,Sales
1766, qTgRooVyH,39,41862,Engineering
1767,FEKGTvfKmS,60,103945,HR
1768,cDFTvcCghI,43,98702,Sales
1769,yltSlTpAOQ,57,34833,Marketing
1770,oeJghCZOIx,51,83280,Sales
1771,EphkaJelEx,34,111682,Engineering
1772,ZWnoAOOcsr,58,74645,HR
1773,qBJKKZWCTx,28,50290,Sales
1774,jkPfagbAiB,21,76449,Sales
1775,MFplUtDjHD,25,118725,Support
1776,MVPDijVYVr,59,81315,Support
1777,EQMrbWkdvn,26,117851,Engineering
1778,DENVNqOvvK,41,104587,Support
1779,NGDZcnyfFF,47,103858,Marketing
1780,PMtOLgrNi ,49,111368,Marketing
1781,vfACJkhhWH,47,61369,HR
1782,HIGksSGhQT,20,104780,HR
1783,mpOZPYrxdz,47,108474,HR
1784,ahKTSqkTyZ,43,106801,Support
1785,hfHyvMFPFS,41,115805,Support
1786,VVHVPMhdly,52,108388,Support
1787,CpartR CiH,57,114824,Engineering
1788,nlxMWcSzEy,25,30839,Marketing
1789,XsqcEoOXWs,36,98161,Engineering
1790,QZeD LTmOf,21,85873,HR
1791,YIiyiJBKch,25,70728,Sales
1792,rSMcMYnSWD,57,110682,Support
1793,angsComgPs,49,106202,Sales
1794,x vPCybrnO,48,83579,HR
1795,PwCadDxRFj,30,40200,Marketing
1796,fySfdtVxVE,26,110499,Support
1797,xbfWrMqpNG,36,118837,Marketing
1798,zEOfjMrGoh,59,40176,Sales
1799,ZHveIYNYcG,29,119146,Sales
1800,mblXhbzjDi,45,50265,HR
1801,VvCzkgaHFX,40,97190,Engineering
1802,jlBVebCGMq,32,38294,Engineering
1803,mReSSTtPtU,50,49565,Marketing
1804,QLvmQGrvII,38,82150,Sales
1805,io nVJOHDV,54,56085,Marketing
1806,OoDwkMdMid,42,95492,Support
1807,rzpaQldlUi,40,98795,Sales
1808,PXldPLXfTG,53,95235,Support
1809,zloRNkZWaV,44,78926,Sales
1810,bhqAjmMypN,23,100965,Engineering
1811,pltaLvtvGc,37,67908,HR
1812,xUPEhogIYE,52,88875,Support
1813,ifSItUdQ r,44,93004,Support
1814,MBcGpQYRnC,25,92427,HR
1815,NRpCeMSERx,59,66165,Engineering
1816, BPCIUlquM,33,51045,Engineering
1817,MnMHvxZXzn,60,107115,Sales
1818,nYfqVczozh,40,78608,Engineering
1819,jZjddLebYT,56,89533,Support
1820,kGMoEVkcnJ,31,117156,Sales
1821,aomIBGNTpY,40,70094,Support
1822,agYghyxryV,27,39900,Sales
1823,lLWemmlgmQ,31,71491,HR
1824,kmYTmtupqN,58,110693,HR
1825,ngYkguAKEK,22,47635,Sales
1826,xenR xqUwE,20,60471,Sales
1827,hkkSjdbVFo,33,31400,HR
1828,KJrwKNQgmq,60,34222,Sales
1829,MWNdFVXwIQ,57,112330,HR
1830,fZyBWrBPVs,53,62316,HR
1831,LshxyDAOcw,46,67401,HR
1832,HWbZspqZR ,54,40861,HR
1833,SWLWitkwMk,33,31784,Sales
1834,SVkIMnkkQg,21,90577,Marketing
1835,UKtkTYZzCo,48,60781,Engineering
1836, QO MKJMXR,23,96879,Sales
1837,ZkkKfXqGca,60,43018,Marketing
1838,HSfYHe tjD,39,102983,Sales
1839,PbXXQWtyxB,42,74731,Marketing
1840,OSvUMTnKpW,22,75605,Support
1841,UQXcDEgDsl,50,87013,Support
1842,tJHkEqVgHZ,41,100052,Marketing
1843,wMBAPWxzhz,51,87999,HR
1844,PhLyzdDLff,60,46575,Sales
1845,fzbQLZJljb,43,48427,Support
1846,RyQkqWqAQA,33,119764,Support
1847,AfIzEacLbu,39,61875,HR
1848,uGOdEBlJMC,54,100434,Marketing
1849,QwKwtktKfK,59,85512,Support
1850,dNxRFAtsUe,30,117681,Support
1851,lRPiliUOlg,26,58308,Engineering
1852,XjNGhTRcVc,24,105542,Sales
1853,rl uYJuMTr,28,98678,Sales
1854,vMPMxeadgH,37,49595,Engineering
1855,nMsBMgszuz,21,79665,Sales
1856,wOGvWUtCVb,58,65736,Sales
1857,LCToksLKuu,29,99064,Engineering
1858,StveVaAlNQ,56,46812,Support
1859,OjeFEBtxWs,35,46552,Support
1860,ABzWxzAkft,44,76735,Support
1861,lQFXdSh lF,28,118114,Marketing
1862,yFKZtANuxO,38,46466,Engineering
1863,GCgBRquMrz,51,67927,HR
1864,vmGPuBGIQe,48,40157,Marketing
1865,JaZTmvcFRi,57,103550,Engineering
1866,PwBdpAcWbA,35,96992,Engineering
1867,WkOfxeE MQ,48,94879,HR
1868,MdXxhudHge,34,107990,Support
1869,dStNdJnPNx,47,73232,Marketing
1870,WCQlsrOfXI,45,53855,Sales
1871,sTBBLSpSmd,36,31068,HR
1872,ohrdwHfoF ,30,102396,Engineering
1873,sMBhwPbieq,47,113680,Support
1874,lomeiZfYvs,59,79039,Marketing
1875,aHnWVsZIqG,58,109244,Support
1876,eDwxVqRHvi,51,101290,Sales
1877,xxjdR NmHO,28,68220,Marketing
1878,f WXTJIYhm,60,75503,Engineering
1879,wYaFe swPR,30,117882,HR
1880,GxhChNZOXq,57,119560,Marketing
1881,EYOpTSuM W,51,48344,Sales
1882,zONQFQNWqL,46,89002,HR
1883,bgneBeoqlJ,48,96522,Sales
1884,PBvcYst Oa,25,76485,HR
1885,hxJJFfTsUJ,33,98390,HR
1886,HOWsRDMjiw,45,52541,Sales
1887,IcqYfYYqis,24,46656,Marketing
1888,GIzJiowvBj,49,30264,Marketing
1889,lpuGwIWH i,27,51657,Support
1890,VllLBKojNG,23,77785,Support
1891,wtKLCrMLLw,35,116402,Marketing
1892,NMJHUVZPep,39,33799,Sales
1893,oMbVyxFaij,30,79096,Engineering
1894,QGdPvILhHm,47,49598,Engineering
1895,cLMBBmdtBR,20,53494,Engineering
1896,lMNszPdogX,35,57715,Support
1897,kPxWdYkMII,28,98624,Support
1898,sEndTzQwRA,23,112852,Support
1899,LkpmtoYSLJ,38,73431,Sales
1900,LSkqemgO v,31,58245,Sales
1901,oFeZFrLMKo,55,42063,Engineering
1902,YcmpVIlLPO,52,76614,Marketing
1903,oKVTmeUxPc,37,74443,Marketing
1904,CbznLCDfvC,33,50501,Marketing
1905,xvaGyPAlzl,29,50057,HR
1906,oulqmR woI,21,99040,Sales
1907,INTstaqKGL,36,102021,HR
1908,eVRqHbSkDB,59,111688,Marketing
1909,ZcTRIjyWRy,47,78510,Support
1910,lyJMLPGKhI,56,106304,Marketing
1911,bhCZfEYseo,38,32917,Sales
1912,suXEOTeRpA,52,45727,Support
1913,mQSO kbmHT,32,46976,Support
1914,zUEPcToSmj,58,101077,HR
1915,SfxopFdJTi,58,30682,Marketing
1916,gHmRMVNOYo,51,62025,Sales
1917,SWoqgHixlK,52,88117,Sales
1918,phRvJjLRrT,26,95910,HR
1919,JYWqtrnTpB,57,70167,Engineering
1920,WBCSHBOSjt,31,104727,Marketing
1921,cybDok dpq,48,103212,Marketing
1922,ufXBAJmkgJ,36,90449,Support
1923,K kbuqdKRZ,58,113180,HR
1924,NTxdEbStFS,27,52097,Support
1925,wbhZhmWdFq,46,90922,Engineering
1926,HEXISYiXvD,60,109600,HR
1927,ifNGQzGvuu,49,30847,Sales
1928,DIVPprFHoq,22,100532,Support
1929,emtxJenwau,44,45840,HR
1930,VRnpQtDjfQ,24,75551,Marketing
1931,wkCjvhqILQ,31,79073,Support
1932,ZrmtWlTgey,24,103732,HR
1933,FtoseeriWc,29,92126,Support
1934,SlcNMMsbRI,46,62599,Marketing
1935,FHOQwUGvpj,60,72827,Marketing
1936,QCtkyifrlY,40,88230,Sales
1937,nJQRKJEJap,58,70433,Engineering
1938,CFGyXsrTIV,35,113672,Engineering
1939,uxHaizeXbq,56,89965,Support
1940, KHikMJvjn,24,99630,Sales
1941,zprTOqiwxw,24,88702,Sales
1942,zZIwVJhRgC,43,114371,Support
1943,OIqfNCKeII,52,70847,Sales
1944,zexTXB ZMX,49,114635,Engineering
1945,IGrAsiqCgr,43,102880,HR
1946,oDkKXPreba,33,30636,Engineering
1947,THnlHhKRuh,52,76630,Engineering
1948,hZopCpFBsQ,36,104003,Support
1949,vQHSkSPkge,49,42727,HR
1950,fPjWgQxzkl,36,107078,Engineering
1951,STbShnqjGU,27,111078,Engineering
1952,TgF aYram ,52,47958,Marketing
1953,LylfQNZFJI,29,77103,Marketing
1954, AzHpnOccX,52,51778,HR
1955,icicRqsCIo,22,56598,Marketing
1956,sSFee aPrc,39,108656,Engineering
1957,OPzOKPLqyb,57,41458,Support
1958,XzbvnkrZwQ,33,66235,HR
1959,EKeWXiKZua,34,46244,Marketing
1960,KmNzEpbAyS,32,46449,Sales
1961,hRlANbuxvG,32,99290,Marketing
1962,EyuLMCHmEC,27,90550,Engineering
1963,QrmyZWUBPy,53,61378,Engineering
1964,OMeIoakgYO,49,84933,Support
1965,oCdvekTWWH,49,66364,Support
1966,XdQecbuJQt,35,117447,HR
1967,NVjYMvSOAZ,34,46881,Support
1968,hcxbnCVbRE,40,43574,HR
1969,LWfgNgXEaW,47,119809,Sales
1970,JGCShOGChK,54,95666,HR
1971,LggntYvsfA,39,86952,Marketing
1972,AFtyjE ybz,49,69867,Engineering
1973,wdCVKmStIL,42,101661,Marketing
1974,juGPIyYXAO,58,66058,Marketing
1975,bpiuPgsUDe,40,88673,Sales
1976,HgNncGaJKk,42,92407,Sales
1977,IlQdGTSwpu,41,67112,Sales
1978,OCFhtVnYTs,30,69248,Marketing
1979,LZanzRextB,50,71174,Support
1980,yHJEtnJZVI,54,105834,Sales
1981,AtjYRmIlrK,57,62496,HR
1982,MeGiJTwsKr,31,37878,Marketing
1983,HBiVUAZkSW,44,31941,Support
1984,MybzOhyCxP,41,80624,Marketing
1985,oOwurYazLe,56,79267,Sales
1986,Q aEItcLdP,25,101408,Sales
1987,edAtCOAhJA,38,36488,Support
1988,WPStteNMAV,39,47111,Sales
1989,PIKUGqVtda,26,115110,Engineering
1990,jPPHGbyGRP,53,31900,Sales
1991,Nx SrHfHbh,44,95200,Marketing
1992, Uqvaodgrx,38,63219,Sales
1993,pdgHodvTjw,26,77213,Engineering
1994,EvuoypWJtm,54,66996,Engineering
1995,OrMLeyaUnG,59,112035,Engineering
1996,pRcKorXQAb,50,67478,Engineering
1997,WyzxsZaFe ,41,89736,Support
1998,hKCKcFDTaF,42,81940,Engineering
1999,MydiRuyLAT,57,82546,Support
2000,EfUHbjsAxI,38,57905,Sales
